Nivel,Serie,Mes,Real,Pred_RandomForest,Pred_GradientBoosting,Pred_SuavizadoExponencial,Pred_Prophet,Pred_Naive
CATEGORIA,ACEITE,2024-01,816.0,21445.03369075498,21744.38636633303,23096.666718533863,20551.608452774493,45471.19
CATEGORIA,ACEITE,2024-03,1984.39,28820.958345235038,41498.521300541295,9690.578435655616,15153.789518275404,816.0
CATEGORIA,ACEITE,2024-04,26196.84,10556.758009974998,13055.34436091135,33252.156575951725,14395.78295462494,1984.39
CATEGORIA,ACEITE,2024-05,170.0,12280.359876484992,6450.308081601802,10270.171065258062,-8204.147920576026,26196.84
CATEGORIA,ACEITE,2024-07,2504.04,16994.92712584999,18462.421039229124,6970.426318574377,11745.838264799677,170.0
CATEGORIA,ACEITE,2024-08,9201.03,17114.862568569977,17694.289453463727,13021.046074994385,79762.15440982993,2504.04
CATEGORIA,ACEITE,2024-09,5341.77,24416.20641839002,30384.113823019205,4327.724701138613,-2511.151269312435,9201.03
CATEGORIA,ACEITE,2024-10,11386.44,15081.606253129998,9846.297045016365,13230.267656192984,82827.38237733612,5341.77
CATEGORIA,ACEITE,2024-11,706.65,14284.115100754998,15501.537774795237,25640.14353546198,-15855.642998525851,11386.44
CATEGORIA,ACEITE,2024-12,7883.08,15385.163779499971,17198.34584182935,12435.906444922748,46635.92994650308,706.65
CATEGORIA,SERVICIOS DE MANTENIMIENTO,2024-01,61212.92,543551.7144720119,664030.7721021732,784909.5786844013,-224600.81673258383,785945.979988
CATEGORIA,SERVICIOS DE MANTENIMIENTO,2024-02,254612.76,276284.4518485703,55369.75773010204,295885.46889253065,185293.68778839667,61212.92
CATEGORIA,SERVICIOS DE MANTENIMIENTO,2024-03,136198.41999999998,216252.08268215318,205106.68708191346,282720.61953877605,490129.66315865546,254612.76
CATEGORIA,SERVICIOS DE MANTENIMIENTO,2024-04,139221.93,254715.14483688315,274840.79542331694,421500.5394255545,264590.6235153643,136198.41999999998
CATEGORIA,SERVICIOS DE MANTENIMIENTO,2024-05,604845.55,182636.46127725314,192779.36500082433,259018.55591603482,512399.3207126651,139221.93
CATEGORIA,SERVICIOS DE MANTENIMIENTO,2024-06,183896.96,470117.7111280178,571799.7352659479,329951.7013010989,35234.3646807248,604845.55
CATEGORIA,SERVICIOS DE MANTENIMIENTO,2024-07,476340.4900000001,347714.5573639849,450610.72244267527,522765.5704431359,992403.4046590955,183896.96
CATEGORIA,SERVICIOS DE MANTENIMIENTO,2024-08,899268.9500000001,429732.96203805425,440306.13347879506,307541.05620556726,430882.0176779317,476340.4900000001
CATEGORIA,SERVICIOS DE MANTENIMIENTO,2024-09,496643.42,582992.6739903794,465500.7043115707,341338.1271676202,210578.2582824629,899268.9500000001
CATEGORIA,SERVICIOS DE MANTENIMIENTO,2024-10,433771.32,655483.3190189681,682649.9323311157,367994.54391804663,412208.78948152234,496643.42
CATEGORIA,SERVICIOS DE MANTENIMIENTO,2024-11,100004.63,627225.9433077705,715966.7744519812,497435.4763384818,648681.3928390562,433771.32
CATEGORIA,SERVICIOS DE MANTENIMIENTO,2024-12,89820.87000000001,327282.51644381793,169930.9526846134,391830.8845659436,32535.458052146714,100004.63
FLOTA,FLOTA_TOTAL,2024-01,74552.4,1028740.0921154827,1047291.8078041815,1202583.7183070194,-110683.87880639522,1056943.205088
FLOTA,FLOTA_TOTAL,2024-02,272594.68,852478.7621521647,776762.8643459505,864561.3941407772,909728.4817966332,74552.4
FLOTA,FLOTA_TOTAL,2024-03,154127.22,420389.4868203306,306444.9097977293,506242.9498541772,669080.5602910061,272594.68
FLOTA,FLOTA_TOTAL,2024-04,206085.82,441090.27547730523,311018.20274543366,646639.3352305025,548971.4961081113,154127.22
FLOTA,FLOTA_TOTAL,2024-05,761770.7800000001,311209.2198037751,327690.1183050086,169147.72370360742,811536.4714608119,206085.82
FLOTA,FLOTA_TOTAL,2024-06,235153.58,557649.1938719953,606066.4373466253,579203.4777342455,563147.9169264016,761770.7800000001
FLOTA,FLOTA_TOTAL,2024-07,583715.65,462666.69030506,556807.5958757185,769130.6546339439,1491801.9355941322,235153.58
FLOTA,FLOTA_TOTAL,2024-08,925177.17,539311.4356080556,507522.1899066469,471868.19670118607,1057858.5050127204,583715.65
FLOTA,FLOTA_TOTAL,2024-09,567614.49,676843.4855512263,601013.092280555,634392.0447215474,1056468.6115538944,925177.17
FLOTA,FLOTA_TOTAL,2024-10,492736.33,766326.890774795,696451.9108673693,559466.1937553665,1496034.7758296696,567614.49
FLOTA,FLOTA_TOTAL,2024-11,103883.30999999998,983794.0874816285,1123895.3425617137,923868.2763978456,774787.3085475656,492736.33
FLOTA,FLOTA_TOTAL,2024-12,97703.95,701709.6991649659,555580.6820041584,462289.56130738417,517101.15648919455,103883.30999999998
NAVE,NAVE_001,2024-01,3862.12,158254.81441111013,186873.27876245728,68769.80054803703,43129.17913226687,296658.86
NAVE,NAVE_001,2024-02,4875.0,51787.255326256534,12474.912922967429,81270.0088424831,155905.03109325803,3862.12
NAVE,NAVE_001,2024-03,6743.26,76151.12672185466,37352.230218344484,101026.25595756594,37462.53626608955,4875.0
NAVE,NAVE_001,2024-04,1377.6,119576.511749711,125384.9692087796,209243.93342249776,-45077.59278341345,6743.26
NAVE,NAVE_001,2024-06,9672.12,62711.20629021548,44170.736386241486,26397.564096350638,492120.85136870993,1377.6
NAVE,NAVE_001,2024-07,3119.15,64394.68152226841,94023.7344743469,18549.9461230812,13321.129384240216,9672.12
NAVE,NAVE_001,2024-08,305.08,54758.00419380224,43183.300471054776,55831.18221116975,-36154.118965468704,3119.15
NAVE,NAVE_001,2024-09,15755.2,31963.615248750277,66063.52177856189,64425.37492820832,181336.66006915548,305.08
NAVE,NAVE_001,2024-10,27773.660000000003,13566.79537624972,5472.779243580727,19798.362603899808,215107.28819613875,15755.2
NAVE,NAVE_001,2024-11,19176.17,53551.96547995608,59490.28945695911,8333.609686964744,319421.8865300964,27773.660000000003
NAVE,NAVE_001,2024-12,11099.06,121496.40916229137,118427.53213362639,30743.10994057793,43592.97930493236,19176.17
NAVE,NAVE_002,2024-01,60.58,107221.91486904034,34019.98094370504,68826.84542578495,120728.2612274901,9863.525
NAVE,NAVE_002,2024-02,14439.07,48832.70014869984,9407.19015702961,45698.00867999112,51329.51393573565,60.58
NAVE,NAVE_002,2024-04,3325.0,68524.1152532769,99977.26629594176,49902.35096953527,39004.892349544716,14439.07
NAVE,NAVE_002,2024-05,4150.0,28081.01181443724,17384.774843078314,36753.03790418153,92542.27591656859,3325.0
NAVE,NAVE_002,2024-06,43267.64,47294.23652340952,67612.8955784007,15042.025870929392,-81808.29365630998,4150.0
NAVE,NAVE_002,2024-07,466781.98,49490.50965964296,92037.129165454,155871.4546697296,184471.85834453476,43267.64
NAVE,NAVE_002,2024-08,804341.0,164228.23462077093,179081.53683872375,81124.28154754352,128253.2994673509,466781.98
NAVE,NAVE_002,2024-09,482191.16,532191.6311678228,791569.2983404445,1149184.9576184954,-167609.21775237922,804341.0
NAVE,NAVE_002,2024-10,282378.96,510170.0072248893,487870.9291184679,559874.2981297537,-157068.2313178645,482191.16
NAVE,NAVE_002,2024-11,10595.4,317387.3596220405,309873.67565321067,325708.06259198283,-227196.8489400073,282378.96
NAVE,NAVE_002,2024-12,38040.04,185211.7464798538,-10797.415717828791,103673.7292431595,-92682.73892467175,10595.4
NAVE,NAVE_004,2024-01,51030.98,111121.62714166667,147429.11486170537,70246.98661919349,-134621.71356470365,260047.08000000005
NAVE,NAVE_004,2024-02,180681.85000000003,69085.64540071435,81801.69208055451,270350.17998612527,335580.8029961623,51030.98
NAVE,NAVE_004,2024-03,27785.17,127497.57678041665,135318.4178531491,79435.47927310085,164342.20756534062,180681.85000000003
NAVE,NAVE_004,2024-04,1045.56,80136.06239845855,64828.48029192718,56410.253329076324,183368.5711522236,27785.17
NAVE,NAVE_004,2024-05,3234.85,73886.86463478279,8761.491508800105,63545.8024510502,165070.1338725912,1045.56
NAVE,NAVE_004,2024-06,2321.56,85143.89469398498,148135.98164687902,40500.24142715069,169398.40286624624,3234.85
NAVE,NAVE_004,2024-07,8008.110000000001,64907.66066989466,40002.521862461734,54001.318069771696,142940.4687536714,2321.56
NAVE,NAVE_004,2024-08,2536.96,45553.5160445508,42459.58039047377,47128.250901835825,153619.76142437826,8008.110000000001
NAVE,NAVE_004,2024-09,3224.0,54638.92819770372,48981.39530962413,51392.391398960855,14031.597125171495,2536.96
NAVE,NAVE_004,2024-10,1710.0,28958.96771310322,8636.484259020952,36101.05331110796,192527.23102525092,3224.0
NAVE,NAVE_004,2024-11,10997.84,23318.898898026553,5591.628470073654,35370.81001609524,252942.1104129094,1710.0
NAVE,NAVE_004,2024-12,9676.64,124057.83932739908,115595.55932625987,50930.046603997645,30058.593133469258,10997.84
NAVE,NAVE_005,2024-01,1292.0,315576.24988658034,492643.7084821862,77283.36951206265,165026.4533940176,12620.45
NAVE,NAVE_005,2024-02,17765.0,94045.17127825398,33991.799156768095,69925.50854068833,134875.87475026003,1292.0
NAVE,NAVE_005,2024-03,33158.869999999995,21126.595904572845,25630.639666699662,65019.39070192966,73049.40345604303,17765.0
NAVE,NAVE_005,2024-04,53246.24999999999,14951.266520863299,9756.897097157103,71028.4156428699,22029.898562477465,33158.869999999995
NAVE,NAVE_005,2024-05,291097.48000000004,37049.23617934643,42342.189987645244,34235.32816505712,79674.1800785102,53246.24999999999
NAVE,NAVE_005,2024-06,8007.5,185353.6795752383,247556.90249093194,97369.1778761137,4940.429650947888,291097.48000000004
NAVE,NAVE_005,2024-07,10719.15,153775.6728476949,191969.28080130366,109985.36395670398,172771.44655059895,8007.5
NAVE,NAVE_005,2024-08,2033.0,57075.72386652563,54490.05389364345,81653.41270253657,323990.5440816175,10719.15
NAVE,NAVE_005,2024-09,640.0,38514.96276818938,50531.291692555234,80853.92472142146,340635.0270242339,2033.0
NAVE,NAVE_005,2024-10,569.0,179219.66824115094,394911.85364684096,59297.251471638585,623079.7640933516,640.0
NAVE,NAVE_005,2024-11,1195.0,47895.29291060164,-9042.16621710124,214227.52716296614,-215292.38818119685,569.0
NAVE,NAVE_005,2024-12,2664.05,37945.723788129406,1429.3393092335198,100418.52842744309,366425.3536117624,1195.0
NAVE,NAVE_007,2024-01,1780.24,92460.64818418998,118596.30104236896,86547.17903369923,91291.85934102036,37649.80998799999
NAVE,NAVE_007,2024-02,11782.76,75292.34415147,59992.72129049322,72749.89124804271,71983.6151895536,1780.24
NAVE,NAVE_007,2024-03,6087.09,73682.99074069005,78032.3144020204,62605.10855199017,58387.65163840839,11782.76
NAVE,NAVE_007,2024-04,4512.0,34813.45304565996,4482.197571410263,53002.99501652497,46126.05278530196,6087.09
NAVE,NAVE_007,2024-05,5312.4,40879.30782421998,5912.207894142848,44600.27394330217,35529.895449109186,4512.0
NAVE,NAVE_007,2024-06,16610.059999999998,25011.801379620043,3967.9547833262986,37395.924307430636,26812.815778892138,5312.4
NAVE,NAVE_007,2024-07,18410.6,34433.862545830016,12772.134966213905,32542.013330577192,21572.46202008875,16610.059999999998
NAVE,NAVE_007,2024-08,12452.98,38326.55957254992,29776.006469318392,168572.5108499417,-107947.8678812634,18410.6
NAVE,NAVE_007,2024-09,2720.0,33037.80087375008,50234.39538339134,87728.90638298658,62825.28665289568,12452.98
NAVE,NAVE_007,2024-10,52197.3,23197.424896253506,12155.780068747878,51394.381781102944,194695.03691395142,2720.0
NAVE,NAVE_007,2024-11,20332.5,69588.66585815672,115140.11699633172,17806.79839730417,288417.5688120088,52197.3
NAVE,NAVE_007,2024-12,16069.06,29051.400302463335,20271.217245502517,-18787.07585271336,-46273.79243521666,20332.5
NAVE,NAVE_008,2024-01,2374.0,35917.65953802548,36094.62375583577,27957.21167267467,69596.87247916145,3294.6201000000005
NAVE,NAVE_008,2024-02,5508.0,18666.269738568983,2907.7589884677586,-17512.88195762883,57469.91324461116,2374.0
NAVE,NAVE_008,2024-03,5054.02,14142.949045030491,19667.634147608813,6420.093989475434,85424.3118443701,5508.0
NAVE,NAVE_008,2024-04,10499.0,17909.7755232195,14373.986848047933,67926.6075880416,161122.66659351005,5054.02
NAVE,NAVE_008,2024-05,193090.96,28990.46477267982,24304.374865927468,51912.85611274972,26888.019182751967,10499.0
NAVE,NAVE_008,2024-06,30672.34,111482.81776289821,130188.3613420184,84914.4728698088,49722.164985355,193090.96
NAVE,NAVE_008,2024-07,8499.13,63304.315982730885,13803.514291901813,45452.80864135255,127463.05740892881,30672.34
NAVE,NAVE_008,2024-08,20850.25,22999.446827439504,4413.715230045575,12032.55467870819,144971.85061105114,8499.13
NAVE,NAVE_008,2024-09,51416.4,21534.159864737467,12791.606957492959,66038.45815593425,217656.84338084192,20850.25
NAVE,NAVE_008,2024-10,28008.57,33410.59062651572,36200.49299337515,8212.579714688,94749.30414278277,51416.4
NAVE,NAVE_008,2024-11,16066.04,39068.71918904699,37770.04912377387,17062.13519153172,35296.609129369084,28008.57
NAVE,NAVE_008,2024-12,6414.540000000001,18746.804590012758,6233.679476463591,-4147.023751638095,5529.5068995488255,16066.04
NAVE,NAVE_010,2024-01,420.0,20916.722950000003,21326.306452358047,28057.07764462431,30292.64888132272,3073.74
NAVE,NAVE_010,2024-02,1000.0,11586.293099999994,2666.650382563971,14214.098702286754,29687.606992641424,420.0
NAVE,NAVE_010,2024-03,18134.57,28846.543450000012,38918.16888365686,12592.765295913496,-29527.503776193735,1000.0
NAVE,NAVE_010,2024-04,56755.12,16424.911699999997,26054.44912450838,78434.09966377425,85966.99985173138,18134.57
NAVE,NAVE_010,2024-05,93410.55,20392.625350000024,41995.04304695828,7301.809000464702,-6.487756809274288,56755.12
NAVE,NAVE_010,2024-06,27811.550000000003,54052.92935000004,43419.97165231671,78170.61600565571,119020.6143146699,93410.55
NAVE,NAVE_010,2024-07,32922.130000000005,45478.97884999996,31531.57285138426,33044.96666586373,-37894.72376253009,27811.550000000003
NAVE,NAVE_010,2024-08,2760.0,27445.834349999936,29351.606408497235,53181.86093097365,84568.43712962592,32922.130000000005
NAVE,NAVE_010,2024-09,1250.0,18154.195549999993,16603.611369361217,28345.617593265502,88197.93561749304,2760.0
NAVE,NAVE_010,2024-11,2834.5,9167.452350000003,3529.2259178255445,29110.313100463685,85522.60567656896,1250.0
NAVE,NAVE_010,2024-12,392.4,39049.06640000004,60516.18567772234,25015.786816031094,10167.539387504446,2834.5
NAVE,NAVE_011,2024-01,12622.48,16690.28093130663,5847.823947965346,6655.202149457786,43073.38293689524,4388.25
NAVE,NAVE_011,2024-02,26186.12,19931.613488196705,24113.31263734564,10586.142197238823,10302.331898899934,12622.48
NAVE,NAVE_011,2024-03,37967.2,24712.122644411167,28780.35267509989,15720.420953369481,38135.05385456471,26186.12
NAVE,NAVE_011,2024-04,62113.25,20622.6613831767,19331.069186236207,86451.34293387168,-82965.39070693601,37967.2
NAVE,NAVE_011,2024-05,47018.52,44922.13013310993,51615.905752918196,24008.863490286905,67254.34553457025,62113.25
NAVE,NAVE_011,2024-06,56107.69,42705.47713327982,44193.50512367717,24910.043625693623,72361.08199080167,47018.52
NAVE,NAVE_011,2024-07,16840.0,59951.53683322656,61460.280393026755,13326.544139376834,398.58712523911527,56107.69
NAVE,NAVE_011,2024-08,120.0,36964.247739736646,21125.33700172828,13608.184944156663,-319.0988395340355,16840.0
NAVE,NAVE_011,2024-09,6541.25,17143.430292454115,23909.23777525111,15460.98326628339,-32410.951395700482,120.0
NAVE,NAVE_011,2024-10,11069.71,24732.57360195543,21145.827971795054,9476.955108658134,-105005.2315234209,6541.25
NAVE,NAVE_011,2024-11,10368.69,49996.77269083551,59867.66826022807,138434.48173750192,267713.0814685295,11069.71
NAVE,NAVE_011,2024-12,8233.19,78366.52416651693,51404.14257237851,2998.0411858460975,63277.53757991451,10368.69
NAVE,NAVE_013,2024-01,750.0,5601.950224862915,1818.9127580430597,5962.595223299782,-3247.966254040617,463.0
NAVE,NAVE_013,2024-02,2287.13,20376.132421937244,29849.211188519897,41361.01591421137,70485.33178076913,750.0
NAVE,NAVE_013,2024-03,591.0,4721.964871085026,1745.269465307164,8030.70875865376,22999.151463923747,2287.13
NAVE,NAVE_013,2024-04,200.0,3777.6424618170695,951.9200451748779,386.30755606808884,-3533.6222239063063,591.0
NAVE,NAVE_013,2024-05,587.84,2042.0938076166888,1087.2426889980732,-1684.6236706630866,-1531.957273695727,200.0
NAVE,NAVE_013,2024-06,13407.6,1313.8114944282106,214.2599380254013,-574.3004882148509,2866.605040573327,587.84
NAVE,NAVE_013,2024-07,1182.0,7765.63920213526,9429.72068136539,-60.164253830657344,-29.343719289561477,13407.6
NAVE,NAVE_013,2024-08,250.0,3138.6569039870933,1437.0500294188346,287.6696818115338,-997.7056988965621,1182.0
NAVE,NAVE_013,2024-09,1650.15,1577.4144351764803,490.41062788559003,1848.3308316128657,-323.44330229496427,250.0
NAVE,NAVE_013,2024-10,1220.0,2341.691432711941,1934.9757633233974,667.6501743116123,228.48515661547026,1650.15
NAVE,NAVE_013,2024-11,1485.0,1075.2986293987033,944.9905260926586,40.938294633089754,787.0650231479892,1220.0
NAVE,NAVE_013,2024-12,1804.16,1781.987630951023,2041.7575069280226,-45.32973695693772,612.3209110821776,1485.0
NAVE,NAVE_014,2024-01,360.0,24519.08015531138,16369.007878962451,6252.560871623777,8200.969822616835,1604.0
NAVE,NAVE_014,2024-02,750.0,15091.0558352381,7116.895380611874,1021.0058594027087,2712.315665901422,360.0
NAVE,NAVE_014,2024-03,45.0,6390.161200958487,1145.237173570815,11551.604640578349,-22050.4908896428,750.0
NAVE,NAVE_014,2024-04,2820.0,4480.99692194139,4794.632045749173,1172.2569565152135,28043.177339041467,45.0
NAVE,NAVE_014,2024-05,207.6,3820.1583070979036,-121.4999080462477,749.7039762885511,49739.71677274465,2820.0
NAVE,NAVE_014,2024-08,842.05,8007.579154523817,4655.414840024852,29189.048051626247,-31661.319824483933,207.6
NAVE,NAVE_014,2024-10,5672.73,7472.710447070533,13851.0116967748,2532.5295850369307,2867.496808398957,842.05
NAVE,NAVE_014,2024-11,2187.17,8554.04646148962,1771.6972733545988,146.92821507077588,12231.96538378459,5672.73
NAVE,NAVE_014,2024-12,462.7,5957.663864936314,1616.943220602429,5966.014197576613,-13392.988260112921,2187.17
NAVE_CATEGORIA,NAVE_001 | SERVICIOS DE MANTENIMIENTO,2024-01,3862.12,138802.18308993347,100319.26261357727,61182.56641568956,75573.36381014551,296658.86
NAVE_CATEGORIA,NAVE_001 | SERVICIOS DE MANTENIMIENTO,2024-02,4875.0,62889.80370496208,-8531.916266655351,56397.31379043171,67798.9596123989,3862.12
NAVE_CATEGORIA,NAVE_001 | SERVICIOS DE MANTENIMIENTO,2024-03,6743.26,48267.83123880991,31062.318201544404,73331.65772685384,25115.9263677485,4875.0
NAVE_CATEGORIA,NAVE_001 | SERVICIOS DE MANTENIMIENTO,2024-04,1377.6,46472.206742261005,27069.589780001264,200583.75582546793,-212888.460484647,6743.26
NAVE_CATEGORIA,NAVE_001 | SERVICIOS DE MANTENIMIENTO,2024-06,9587.12,16591.08092979793,17062.99629386217,20202.938026099593,350337.988122541,1377.6
NAVE_CATEGORIA,NAVE_001 | SERVICIOS DE MANTENIMIENTO,2024-07,3057.15,11437.27473588583,10159.284668926515,33320.91222571322,-37247.462356303506,9587.12
NAVE_CATEGORIA,NAVE_001 | SERVICIOS DE MANTENIMIENTO,2024-08,305.08,63561.38722094113,71990.13971065005,46376.6316312179,48785.19765171067,3057.15
NAVE_CATEGORIA,NAVE_001 | SERVICIOS DE MANTENIMIENTO,2024-09,6142.1,30105.10071940445,27202.5480310628,38171.58775276378,16186.535017050337,305.08
NAVE_CATEGORIA,NAVE_001 | SERVICIOS DE MANTENIMIENTO,2024-10,10385.0,14547.272775188083,-625.2907521321988,38775.511634544644,46480.83328230907,6142.1
NAVE_CATEGORIA,NAVE_001 | SERVICIOS DE MANTENIMIENTO,2024-11,15355.89,13883.345327310486,8956.019330113708,-4369.359856355255,107520.60406144979,10385.0
NAVE_CATEGORIA,NAVE_001 | SERVICIOS DE MANTENIMIENTO,2024-12,9797.76,205769.9461027214,291150.08607745124,-7714.986168491196,344762.1793128478,15355.89
NAVE_CATEGORIA,NAVE_002 | SERVICIOS DE MANTENIMIENTO,2024-01,60.58,32991.884546626694,44085.02484823007,16601.775996362376,11429.397420925077,8390.0
NAVE_CATEGORIA,NAVE_002 | SERVICIOS DE MANTENIMIENTO,2024-02,14439.07,33451.21608880956,38266.02143780483,33020.0321556535,26658.476454202537,60.58
NAVE_CATEGORIA,NAVE_002 | SERVICIOS DE MANTENIMIENTO,2024-04,3325.0,22249.3887619797,22355.57648207914,29119.63930510124,-33606.42716018265,14439.07
NAVE_CATEGORIA,NAVE_002 | SERVICIOS DE MANTENIMIENTO,2024-05,4150.0,23405.08002301525,19462.31244468392,12808.176044505344,57272.60215901815,3325.0
NAVE_CATEGORIA,NAVE_002 | SERVICIOS DE MANTENIMIENTO,2024-06,13675.01,32885.68246073653,36113.27543324256,6433.507498713145,8659.04929891153,4150.0
NAVE_CATEGORIA,NAVE_002 | SERVICIOS DE MANTENIMIENTO,2024-07,364417.45,14878.104004350467,10785.905435352102,52926.12922782224,101731.42223461223,13675.01
NAVE_CATEGORIA,NAVE_002 | SERVICIOS DE MANTENIMIENTO,2024-08,797128.56,133270.23255671895,169034.8056516946,53409.55873401202,44802.335551821045,364417.45
NAVE_CATEGORIA,NAVE_002 | SERVICIOS DE MANTENIMIENTO,2024-09,426727.37,552291.7726525005,794829.49140765,1228089.7714892966,-288515.1541907673,797128.56
NAVE_CATEGORIA,NAVE_002 | SERVICIOS DE MANTENIMIENTO,2024-10,282255.68,479437.85779999965,410175.18396943633,507735.4017350242,-364764.066190988,426727.37
NAVE_CATEGORIA,NAVE_002 | SERVICIOS DE MANTENIMIENTO,2024-11,10593.0,350203.8650999999,297265.1327726308,313636.1101634248,-246584.91478463222,282255.68
NAVE_CATEGORIA,NAVE_002 | SERVICIOS DE MANTENIMIENTO,2024-12,36840.86,146775.79968836647,15658.70838964024,66011.36106695494,200217.737132286,10593.0
NAVE_CATEGORIA,NAVE_004 | SERVICIOS DE MANTENIMIENTO,2024-01,50214.98,101109.77096666707,91920.76114590281,332528.68149499095,-113540.50207201466,227617.76
NAVE_CATEGORIA,NAVE_004 | SERVICIOS DE MANTENIMIENTO,2024-02,176795.05,62185.14153333356,64249.3933853638,41671.1529634025,-21997.45079022267,50214.98
NAVE_CATEGORIA,NAVE_004 | SERVICIOS DE MANTENIMIENTO,2024-03,27785.17,124475.44540000017,137467.04099709977,150382.13561244568,164468.87683473423,176795.05
NAVE_CATEGORIA,NAVE_004 | SERVICIOS DE MANTENIMIENTO,2024-04,1045.56,114514.96613333382,166425.6539126242,81126.64044991716,174760.15468646432,27785.17
NAVE_CATEGORIA,NAVE_004 | SERVICIOS DE MANTENIMIENTO,2024-05,3234.85,32148.694386825344,3062.440023197291,65518.21141317394,158038.21435719304,1045.56
NAVE_CATEGORIA,NAVE_004 | SERVICIOS DE MANTENIMIENTO,2024-06,2321.56,20576.425892089886,14942.456754651123,45593.38141405492,96746.71006433471,3234.85
NAVE_CATEGORIA,NAVE_004 | SERVICIOS DE MANTENIMIENTO,2024-07,8008.110000000001,35691.843972222305,40740.51556179557,39118.37080609078,62360.99439484515,2321.56
NAVE_CATEGORIA,NAVE_004 | SERVICIOS DE MANTENIMIENTO,2024-08,2536.96,9826.642148785468,7719.820878905736,40844.90022568271,35844.11882492407,8008.110000000001
NAVE_CATEGORIA,NAVE_004 | SERVICIOS DE MANTENIMIENTO,2024-09,3224.0,4788.909408798707,12106.95625623805,41758.68289145383,46565.078495894835,2536.96
NAVE_CATEGORIA,NAVE_004 | SERVICIOS DE MANTENIMIENTO,2024-10,1710.0,6396.713364809077,6595.267531048732,6481.860197562481,137022.12708175145,3224.0
NAVE_CATEGORIA,NAVE_004 | SERVICIOS DE MANTENIMIENTO,2024-11,10997.84,14378.518050169907,4398.804704158107,4009.955060875526,194148.24045334576,1710.0
NAVE_CATEGORIA,NAVE_004 | SERVICIOS DE MANTENIMIENTO,2024-12,9676.64,39091.75687672679,8039.261485145498,79232.80783520527,7421.488992739571,10997.84
NAVE_CATEGORIA,NAVE_005 | SERVICIOS DE MANTENIMIENTO,2024-01,1292.0,71783.82769999997,52446.66655785993,26995.09072242755,33502.019941628365,10800.0
NAVE_CATEGORIA,NAVE_005 | SERVICIOS DE MANTENIMIENTO,2024-02,17765.0,42386.4765643162,54369.73916934502,23970.44758075193,29579.31036999437,1292.0
NAVE_CATEGORIA,NAVE_005 | SERVICIOS DE MANTENIMIENTO,2024-03,33037.369999999995,20451.735032579374,47093.68854586974,23980.477587236106,28866.238267258534,17765.0
NAVE_CATEGORIA,NAVE_005 | SERVICIOS DE MANTENIMIENTO,2024-04,9737.79,35012.77493939395,23101.612878683627,26077.27061163203,30996.96702505139,33037.369999999995
NAVE_CATEGORIA,NAVE_005 | SERVICIOS DE MANTENIMIENTO,2024-05,290781.52,18616.487167424257,18704.833782687387,24835.339258673615,28837.851569930768,9737.79
NAVE_CATEGORIA,NAVE_005 | SERVICIOS DE MANTENIMIENTO,2024-06,8007.5,169312.85102666638,286207.3357320108,43132.25100027662,64565.3702086443,290781.52
NAVE_CATEGORIA,NAVE_005 | SERVICIOS DE MANTENIMIENTO,2024-07,10719.15,157202.10210833314,100880.64987658494,59170.160779460144,-170377.89609261416,8007.5
NAVE_CATEGORIA,NAVE_005 | SERVICIOS DE MANTENIMIENTO,2024-08,2033.0,45153.62591000001,21906.49672639031,41464.10089380876,75279.91880192574,10719.15
NAVE_CATEGORIA,NAVE_005 | SERVICIOS DE MANTENIMIENTO,2024-09,640.0,24230.366355714286,33339.710835875136,47769.624456053905,71603.37984806384,2033.0
NAVE_CATEGORIA,NAVE_005 | SERVICIOS DE MANTENIMIENTO,2024-10,569.0,28098.29803818376,28760.6404983306,27105.69730811193,420378.70011293655,640.0
NAVE_CATEGORIA,NAVE_005 | SERVICIOS DE MANTENIMIENTO,2024-11,1195.0,33730.53507567308,7790.848866717493,152134.73652711854,39627.00782844593,569.0
NAVE_CATEGORIA,NAVE_005 | SERVICIOS DE MANTENIMIENTO,2024-12,2664.05,12659.07704341464,5146.62565893649,30673.660970163517,208697.1828787267,1195.0
NAVE_CATEGORIA,NAVE_007 | SERVICIOS DE MANTENIMIENTO,2024-01,1780.24,56409.00220748319,85528.54417925866,49225.52804644553,59519.787572765075,19658.809988
NAVE_CATEGORIA,NAVE_007 | SERVICIOS DE MANTENIMIENTO,2024-02,11782.76,31588.49214963,10369.850048532893,42465.21032318903,48478.27670856297,1780.24
NAVE_CATEGORIA,NAVE_007 | SERVICIOS DE MANTENIMIENTO,2024-03,1760.0,27336.947732659966,14465.052997956289,9449.103024017431,41344.27878300674,11782.76
NAVE_CATEGORIA,NAVE_007 | SERVICIOS DE MANTENIMIENTO,2024-04,4512.0,30537.557966046625,63405.96238506239,2537.586781747018,33852.10585384274,1760.0
NAVE_CATEGORIA,NAVE_007 | SERVICIOS DE MANTENIMIENTO,2024-05,5312.4,20271.16879949999,18507.726487168504,2423.5218419018374,27969.346546738594,4512.0
NAVE_CATEGORIA,NAVE_007 | SERVICIOS DE MANTENIMIENTO,2024-06,16610.059999999998,23511.319998820058,42850.756876573876,3001.9851791296765,23154.951413079143,5312.4
NAVE_CATEGORIA,NAVE_007 | SERVICIOS DE MANTENIMIENTO,2024-07,18410.6,32609.09089920997,25688.468020144603,11464.060644433013,21078.139176299715,16610.059999999998
NAVE_CATEGORIA,NAVE_007 | SERVICIOS DE MANTENIMIENTO,2024-08,11945.8,57025.92229835325,55810.073922400334,141455.68324874504,-10215.887130887884,18410.6
NAVE_CATEGORIA,NAVE_007 | SERVICIOS DE MANTENIMIENTO,2024-09,2720.0,33754.1744736433,31882.02563526454,75382.98808669079,-10533.73757127074,11945.8
NAVE_CATEGORIA,NAVE_007 | SERVICIOS DE MANTENIMIENTO,2024-10,22197.33,27276.405129396706,25550.132737497912,-16251.957367081981,133319.5461304597,2720.0
NAVE_CATEGORIA,NAVE_007 | SERVICIOS DE MANTENIMIENTO,2024-11,20332.5,24961.48481296669,32574.60936934736,2146.9605506268726,189550.50223276368,22197.33
NAVE_CATEGORIA,NAVE_007 | SERVICIOS DE MANTENIMIENTO,2024-12,14872.0,33145.60998605674,35078.2554887823,-18622.576536277156,62784.050998974766,20332.5
NAVE_CATEGORIA,NAVE_008 | SERVICIOS DE MANTENIMIENTO,2024-01,2374.0,19018.35775000002,35919.264567965605,7027.452038598484,35955.725136359,2500.0
NAVE_CATEGORIA,NAVE_008 | SERVICIOS DE MANTENIMIENTO,2024-02,5508.0,12019.548499999992,5367.823869905161,5702.9411821870635,29980.963578755476,2374.0
NAVE_CATEGORIA,NAVE_008 | SERVICIOS DE MANTENIMIENTO,2024-03,2650.0,8479.865649999994,5720.375266662025,7349.264791726351,64980.71324043513,5508.0
NAVE_CATEGORIA,NAVE_008 | SERVICIOS DE MANTENIMIENTO,2024-04,10499.0,7496.524399999989,12199.207089305233,32955.56684232281,116650.42699053549,2650.0
NAVE_CATEGORIA,NAVE_008 | SERVICIOS DE MANTENIMIENTO,2024-05,40100.42,7790.785049999998,9971.053061416653,60615.360728006905,20809.975307561377,10499.0
NAVE_CATEGORIA,NAVE_008 | SERVICIOS DE MANTENIMIENTO,2024-06,30672.34,56743.928000000036,89379.57039316634,8538.300343190956,77354.3933728684,40100.42
NAVE_CATEGORIA,NAVE_008 | SERVICIOS DE MANTENIMIENTO,2024-07,8499.13,25523.088299999974,33176.47793257967,9368.751013541305,108568.1902654964,30672.34
NAVE_CATEGORIA,NAVE_008 | SERVICIOS DE MANTENIMIENTO,2024-08,20850.25,13782.911499999987,8709.65987635443,-12779.117248966399,103568.71443122163,8499.13
NAVE_CATEGORIA,NAVE_008 | SERVICIOS DE MANTENIMIENTO,2024-09,46460.0,17432.176149999992,14926.489731745,21653.139192454022,190351.12622564932,20850.25
NAVE_CATEGORIA,NAVE_008 | SERVICIOS DE MANTENIMIENTO,2024-10,25609.78,39077.59535000003,49316.368058915716,34532.35982689872,53927.50086741842,46460.0
NAVE_CATEGORIA,NAVE_008 | SERVICIOS DE MANTENIMIENTO,2024-11,16010.04,22832.420249999977,26266.044618414395,41589.25328583407,-32666.533625348246,25609.78
NAVE_CATEGORIA,NAVE_008 | SERVICIOS DE MANTENIMIENTO,2024-12,2229.0,20846.10495,14950.45668324551,1441.6660630978004,-31470.710275185364,16010.04
NAVE_CATEGORIA,NAVE_010 | SERVICIOS DE MANTENIMIENTO,2024-01,420.0,5454.952300000001,4316.207663890963,5553.696624048346,5675.897650757145,3042.3
NAVE_CATEGORIA,NAVE_010 | SERVICIOS DE MANTENIMIENTO,2024-02,1000.0,2571.0227238095235,1511.5572150503144,4611.947879344458,4685.851647238584,420.0
NAVE_CATEGORIA,NAVE_010 | SERVICIOS DE MANTENIMIENTO,2024-03,8894.0,4227.585342857142,4512.737105462315,3967.722792241124,4002.3209256666937,1000.0
NAVE_CATEGORIA,NAVE_010 | SERVICIOS DE MANTENIMIENTO,2024-04,40066.82,3613.6309802380956,4676.660072406694,4801.8490465952855,4843.331268258241,8894.0
NAVE_CATEGORIA,NAVE_010 | SERVICIOS DE MANTENIMIENTO,2024-05,92118.98,24066.574653333333,35422.856616192985,9164.56253442129,10845.500320519954,40066.82
NAVE_CATEGORIA,NAVE_010 | SERVICIOS DE MANTENIMIENTO,2024-06,8029.429999999999,67207.59753333344,91699.04560015495,135431.58380784412,-19750.897840782574,92118.98
NAVE_CATEGORIA,NAVE_010 | SERVICIOS DE MANTENIMIENTO,2024-07,29413.55,32015.18506607144,27248.451823827287,17615.54583208569,-18085.773230463463,8029.429999999999
NAVE_CATEGORIA,NAVE_010 | SERVICIOS DE MANTENIMIENTO,2024-08,2760.0,34515.36032499998,35676.51765211622,26715.369265425983,-458617.77091438184,29413.55
NAVE_CATEGORIA,NAVE_010 | SERVICIOS DE MANTENIMIENTO,2024-09,1250.0,14387.03876473305,15432.490783902635,20076.13130319013,-176629.15997686124,2760.0
NAVE_CATEGORIA,NAVE_010 | SERVICIOS DE MANTENIMIENTO,2024-11,2834.5,10723.188349571263,3346.20002017371,19853.2336857757,47775.21295544203,1250.0
NAVE_CATEGORIA,NAVE_010 | SERVICIOS DE MANTENIMIENTO,2024-12,392.4,11791.425790753967,6535.854213715312,17848.065620370493,26061.2238014727,2834.5
NAVE_CATEGORIA,NAVE_011 | SERVICIOS DE MANTENIMIENTO,2024-01,99.0,11839.786999999995,16620.73969146595,11333.336291361356,12861.015884817416,4148.25
NAVE_CATEGORIA,NAVE_011 | SERVICIOS DE MANTENIMIENTO,2024-02,13537.0,7918.9367208333315,5475.152292000706,-8331.064816698696,7247.531497178265,99.0
NAVE_CATEGORIA,NAVE_011 | SERVICIOS DE MANTENIMIENTO,2024-03,37648.24,6798.3372899999995,6120.28005302039,19547.181649512775,87979.86626557348,13537.0
NAVE_CATEGORIA,NAVE_011 | SERVICIOS DE MANTENIMIENTO,2024-04,60187.16,17508.071023809516,22522.32007085452,26663.72031906257,-3457.2132585516356,37648.24
NAVE_CATEGORIA,NAVE_011 | SERVICIOS DE MANTENIMIENTO,2024-05,47018.52,40097.31933047623,55195.219793968805,50735.05572263346,-13451.652162636688,60187.16
NAVE_CATEGORIA,NAVE_011 | SERVICIOS DE MANTENIMIENTO,2024-06,56086.74999999999,47154.2913,47138.21662830365,52679.6390333964,-11767.316608806432,47018.52
NAVE_CATEGORIA,NAVE_011 | SERVICIOS DE MANTENIMIENTO,2024-07,16840.0,47966.925419999985,47210.78510596732,49795.8612886522,-27947.426866522623,56086.74999999999
NAVE_CATEGORIA,NAVE_011 | SERVICIOS DE MANTENIMIENTO,2024-08,120.0,30467.47688939394,20327.29766739918,23869.012728654667,11609.549945816178,16840.0
NAVE_CATEGORIA,NAVE_011 | SERVICIOS DE MANTENIMIENTO,2024-09,5825.0,14063.623512698412,4906.334342049568,4014.775403539913,36459.98589164288,120.0
NAVE_CATEGORIA,NAVE_011 | SERVICIOS DE MANTENIMIENTO,2024-10,2015.4,21424.06205414863,24820.437769450145,-1093.864358574121,37409.271115681215,5825.0
NAVE_CATEGORIA,NAVE_011 | SERVICIOS DE MANTENIMIENTO,2024-11,10368.69,19601.48092680737,16435.83127352484,15015.380056748923,58943.243284549346,2015.4
NAVE_CATEGORIA,NAVE_011 | SERVICIOS DE MANTENIMIENTO,2024-12,8233.19,6012.300555185809,2027.055267476123,-4679.01158782272,48174.04508465815,10368.69
NAVE_CATEGORIA,NAVE_013 | SERVICIOS DE MANTENIMIENTO,2024-01,750.0,6268.394849999991,2276.38308567339,5113.162294177082,2755.618068457206,463.0
NAVE_CATEGORIA,NAVE_013 | SERVICIOS DE MANTENIMIENTO,2024-02,2287.13,7328.277449999998,1736.999666914034,4743.6199222263685,2324.9703051812276,750.0
NAVE_CATEGORIA,NAVE_013 | SERVICIOS DE MANTENIMIENTO,2024-03,591.0,1485.3446,1120.5928546049374,4765.871575054888,2262.4721592157043,2287.13
NAVE_CATEGORIA,NAVE_013 | SERVICIOS DE MANTENIMIENTO,2024-04,200.0,2779.4799999999996,2111.9463473632118,4454.051427805632,1946.4108489288865,591.0
NAVE_CATEGORIA,NAVE_013 | SERVICIOS DE MANTENIMIENTO,2024-05,587.84,20051.85905000005,28523.17585649398,4130.5247592388505,1562.4108267577412,200.0
NAVE_CATEGORIA,NAVE_013 | SERVICIOS DE MANTENIMIENTO,2024-06,13407.6,15076.828950000001,14383.212073634815,3974.4787276617335,1281.9218919844195,587.84
NAVE_CATEGORIA,NAVE_013 | SERVICIOS DE MANTENIMIENTO,2024-07,1182.0,3103.0093499999966,2398.2598280144994,5539.907195445839,3099.659782081274,13407.6
NAVE_CATEGORIA,NAVE_013 | SERVICIOS DE MANTENIMIENTO,2024-08,250.0,2265.861849999999,1295.1036297294283,-1793.1819431873462,-32727.856664755876,1182.0
NAVE_CATEGORIA,NAVE_013 | SERVICIOS DE MANTENIMIENTO,2024-09,1650.15,1218.2135499999995,-199.49203844364897,-769.3036178693324,2447.448071951554,250.0
NAVE_CATEGORIA,NAVE_013 | SERVICIOS DE MANTENIMIENTO,2024-10,1220.0,1362.78055,899.2393803303497,401.0172685248299,16095.908138436233,1650.15
NAVE_CATEGORIA,NAVE_013 | SERVICIOS DE MANTENIMIENTO,2024-11,1485.0,1083.2742,940.017055453904,-184.19143482365143,5744.146490968963,1220.0
NAVE_CATEGORIA,NAVE_013 | SERVICIOS DE MANTENIMIENTO,2024-12,1804.16,1161.69565,1456.2776173499917,-716.1623689886242,-427.83702590544135,1485.0
NAVE_CATEGORIA,NAVE_014 | SERVICIOS DE MANTENIMIENTO,2024-01,360.0,1938.7598666666665,1010.7619698065325,6407.280271962139,6561.082130591831,1604.0
NAVE_CATEGORIA,NAVE_014 | SERVICIOS DE MANTENIMIENTO,2024-02,750.0,2822.105366666665,589.9352859405446,5763.690221421646,5697.32943734821,360.0
NAVE_CATEGORIA,NAVE_014 | SERVICIOS DE MANTENIMIENTO,2024-03,45.0,20482.685944444504,24187.347937654962,5266.052144228878,4940.959825771451,750.0
NAVE_CATEGORIA,NAVE_014 | SERVICIOS DE MANTENIMIENTO,2024-04,2820.0,7723.670233333336,10052.763185527048,4727.9566124564135,4207.38180479881,45.0
NAVE_CATEGORIA,NAVE_014 | SERVICIOS DE MANTENIMIENTO,2024-05,150.0,2261.198663492062,1068.6249151894544,4620.421942174611,4037.03036635995,2820.0
NAVE_CATEGORIA,NAVE_014 | SERVICIOS DE MANTENIMIENTO,2024-08,842.05,5319.591568333348,7779.587562008496,3761.992897745368,-71907.99495246675,150.0
NAVE_CATEGORIA,NAVE_014 | SERVICIOS DE MANTENIMIENTO,2024-10,5672.73,8739.000009523828,7072.423784716691,34240.56251762649,1360.6891356915785,842.05
NAVE_CATEGORIA,NAVE_014 | SERVICIOS DE MANTENIMIENTO,2024-11,2187.17,2964.7512087662317,1226.2062634107563,2622.787749089375,9490.561889947083,5672.73
NAVE_CATEGORIA,NAVE_014 | SERVICIOS DE MANTENIMIENTO,2024-12,462.7,1581.7239786507914,1755.6013841219278,-1123.1960975561246,-18062.015066641925,2187.17
