Nivel,Serie,Mes,Real,Prediccion
CATEGORIA,ACEITE,2025-01,11525.17,16617.30205360158
CATEGORIA,ACEITE,2025-02,9056.94,3234.275840494073
CATEGORIA,ACEITE,2025-03,7791.929999999999,6838.710446349539
CATEGORIA,ACEITE,2025-04,13402.89,6915.718869850434
CATEGORIA,ACEITE,2025-05,14048.63,6108.002364286185
CATEGORIA,ACEITE,2025-06,14619.1,7007.967906171582
CATEGORIA,ACEITE,2025-07,15043.35,5119.802003744005
CATEGORIA,ACEITE,2025-08,15642.96,5622.777415897141
CATEGORIA,ACEITE,2025-09,10808.71,10741.508900092067
CATEGORIA,ACEITE,2025-10,349.42,3143.053197711235
CATEGORIA,ACEITE,2025-11,947.09,8030.585343897921
CATEGORIA,ACEITE,2025-12,503.6,12426.00781587233
CATEGORIA,SERVICIOS DE MANTENIMIENTO,2025-01,80211.52,974258.9451830643
CATEGORIA,SERVICIOS DE MANTENIMIENTO,2025-02,145541.03,730419.0071951551
CATEGORIA,SERVICIOS DE MANTENIMIENTO,2025-03,76026.03,289381.218408058
CATEGORIA,SERVICIOS DE MANTENIMIENTO,2025-04,162312.21999999997,276031.632217094
CATEGORIA,SERVICIOS DE MANTENIMIENTO,2025-05,169524.53,494419.88812440087
CATEGORIA,SERVICIOS DE MANTENIMIENTO,2025-06,565237.35,199523.74823448883
CATEGORIA,SERVICIOS DE MANTENIMIENTO,2025-07,1248514.1399999997,450946.1461036381
CATEGORIA,SERVICIOS DE MANTENIMIENTO,2025-08,273826.76,675674.724296591
CATEGORIA,SERVICIOS DE MANTENIMIENTO,2025-09,90111.56,444641.62412390066
CATEGORIA,SERVICIOS DE MANTENIMIENTO,2025-10,12972.6,431449.43980198016
CATEGORIA,SERVICIOS DE MANTENIMIENTO,2025-11,13782.15,312664.70344596694
CATEGORIA,SERVICIOS DE MANTENIMIENTO,2025-12,24554.7,330750.2496478012
FLOTA,FLOTA_TOTAL,2025-01,105494.61,97703.95
FLOTA,FLOTA_TOTAL,2025-02,180469.4,105494.61
FLOTA,FLOTA_TOTAL,2025-03,111799.37,180469.4
FLOTA,FLOTA_TOTAL,2025-04,210720.89,111799.37
FLOTA,FLOTA_TOTAL,2025-05,262179.88,210720.89
FLOTA,FLOTA_TOTAL,2025-06,690462.6500000001,262179.88
FLOTA,FLOTA_TOTAL,2025-07,1333596.7799999998,690462.6500000001
FLOTA,FLOTA_TOTAL,2025-08,524909.6900000001,1333596.7799999998
FLOTA,FLOTA_TOTAL,2025-09,143639.71,524909.6900000001
FLOTA,FLOTA_TOTAL,2025-10,17249.45,143639.71
FLOTA,FLOTA_TOTAL,2025-11,32072.9,17249.45
FLOTA,FLOTA_TOTAL,2025-12,47204.94,32072.9
NAVE,NAVE_001,2025-01,17959.0,11099.06
NAVE,NAVE_001,2025-02,23237.35,17959.0
NAVE,NAVE_001,2025-03,38104.05,23237.35
NAVE,NAVE_001,2025-04,38266.56,38104.05
NAVE,NAVE_001,2025-05,70978.70000000001,38266.56
NAVE,NAVE_001,2025-06,363008.41,70978.70000000001
NAVE,NAVE_001,2025-07,1032043.49,363008.41
NAVE,NAVE_001,2025-08,151664.58000000002,1032043.49
NAVE,NAVE_001,2025-09,15020.289999999995,151664.58000000002
NAVE,NAVE_002,2025-01,24319.51,38040.04
NAVE,NAVE_002,2025-02,64500.77,24319.51
NAVE,NAVE_002,2025-03,7897.860000000001,64500.77
NAVE,NAVE_002,2025-04,18537.230000000003,7897.860000000001
NAVE,NAVE_002,2025-05,10385.16,18537.230000000003
NAVE,NAVE_002,2025-06,18100.39,10385.16
NAVE,NAVE_002,2025-07,14966.55,18100.39
NAVE,NAVE_002,2025-08,6058.949999999999,14966.55
NAVE,NAVE_002,2025-09,6833.849999999999,6058.949999999999
NAVE,NAVE_004,2025-01,7720.0,9676.64
NAVE,NAVE_004,2025-02,2223.0,7720.0
NAVE,NAVE_004,2025-03,2104.2,2223.0
NAVE,NAVE_004,2025-04,9931.87,2104.2
NAVE,NAVE_004,2025-05,13063.94,9931.87
NAVE,NAVE_004,2025-06,14156.43,13063.94
NAVE,NAVE_004,2025-07,8715.929999999998,14156.43
NAVE,NAVE_004,2025-08,6056.369999999999,8715.929999999998
NAVE,NAVE_004,2025-09,7430.08,6056.369999999999
NAVE,NAVE_004,2025-10,2642.82,7430.08
NAVE,NAVE_004,2025-11,3971.52,2642.82
NAVE,NAVE_004,2025-12,3200.0600000000004,3971.52
NAVE,NAVE_005,2025-01,6040.0,2664.05
NAVE,NAVE_005,2025-02,1410.0,6040.0
NAVE,NAVE_005,2025-03,7300.16,1410.0
NAVE,NAVE_005,2025-04,7540.0,7300.16
NAVE,NAVE_005,2025-05,9120.24,7540.0
NAVE,NAVE_005,2025-06,4500.86,9120.24
NAVE,NAVE_005,2025-07,99.75,4500.86
NAVE,NAVE_005,2025-08,3772.48,99.75
NAVE,NAVE_005,2025-09,2266.49,3772.48
NAVE,NAVE_005,2025-10,1524.1,2266.49
NAVE,NAVE_005,2025-11,10098.05,1524.1
NAVE,NAVE_005,2025-12,3982.23,10098.05
NAVE,NAVE_007,2025-01,7488.61,16069.06
NAVE,NAVE_007,2025-02,19052.92,7488.61
NAVE,NAVE_007,2025-03,16188.259999999998,19052.92
NAVE,NAVE_007,2025-04,19863.51,16188.259999999998
NAVE,NAVE_007,2025-05,10271.35,19863.51
NAVE,NAVE_007,2025-06,18077.11,10271.35
NAVE,NAVE_007,2025-07,15038.88,18077.11
NAVE,NAVE_007,2025-08,41645.280000000006,15038.88
NAVE,NAVE_007,2025-09,24107.27,41645.280000000006
NAVE,NAVE_008,2025-01,24716.59,6414.540000000001
NAVE,NAVE_008,2025-02,50384.95999999999,24716.59
NAVE,NAVE_008,2025-03,11080.149999999998,50384.95999999999
NAVE,NAVE_008,2025-04,16053.5,11080.149999999998
NAVE,NAVE_008,2025-05,18879.69,16053.5
NAVE,NAVE_008,2025-06,13242.929999999998,18879.69
NAVE,NAVE_008,2025-07,163832.9,13242.929999999998
NAVE,NAVE_008,2025-08,84087.61,163832.9
NAVE,NAVE_008,2025-09,18943.79,84087.61
NAVE,NAVE_010,2025-01,585.0,392.4
NAVE,NAVE_010,2025-02,630.4,585.0
NAVE,NAVE_010,2025-03,434.78,630.4
NAVE,NAVE_010,2025-04,9661.23,434.78
NAVE,NAVE_010,2025-05,2644.73,9661.23
NAVE,NAVE_010,2025-06,1553.88,2644.73
NAVE,NAVE_010,2025-07,2433.36,1553.88
NAVE,NAVE_010,2025-08,7001.050000000001,2433.36
NAVE,NAVE_010,2025-09,13222.0,7001.050000000001
NAVE,NAVE_010,2025-10,3857.21,13222.0
NAVE,NAVE_010,2025-11,4269.0,3857.21
NAVE,NAVE_010,2025-12,2984.34,4269.0
NAVE,NAVE_011,2025-01,11487.2,24265.893764262953
NAVE,NAVE_011,2025-02,8194.78,7719.644588492578
NAVE,NAVE_011,2025-03,4265.64,25943.88983422323
NAVE,NAVE_011,2025-04,7007.0,46877.926741656236
NAVE,NAVE_011,2025-05,15717.6,28986.225248033537
NAVE,NAVE_011,2025-06,2513.68,34625.61467724578
NAVE,NAVE_011,2025-07,4485.15,3707.9998214608677
NAVE,NAVE_011,2025-08,10501.729999999998,-5351.060706946257
NAVE,NAVE_011,2025-09,19409.11,2922.974322131173
NAVE,NAVE_013,2025-01,108.7,1804.16
NAVE,NAVE_013,2025-03,5025.0,108.7
NAVE,NAVE_013,2025-04,4761.83,5025.0
NAVE,NAVE_013,2025-05,1303.4499999999998,4761.83
NAVE,NAVE_013,2025-06,978.22,1303.4499999999998
NAVE,NAVE_013,2025-07,3616.25,978.22
NAVE,NAVE_013,2025-08,5389.75,3616.25
NAVE,NAVE_013,2025-09,1368.29,5389.75
NAVE,NAVE_013,2025-10,3200.0,1368.29
NAVE,NAVE_013,2025-11,10225.79,3200.0
NAVE,NAVE_013,2025-12,18520.07,10225.79
NAVE,NAVE_014,2025-01,2635.0,462.7
NAVE,NAVE_014,2025-02,1646.22,2635.0
NAVE,NAVE_014,2025-03,1468.0,1646.22
NAVE,NAVE_014,2025-04,862.77,1468.0
NAVE,NAVE_014,2025-05,2644.94,862.77
NAVE,NAVE_014,2025-06,10022.6,2644.94
NAVE,NAVE_014,2025-07,2397.7000000000003,10022.6
NAVE,NAVE_014,2025-08,937.77,2397.7000000000003
NAVE,NAVE_014,2025-09,14601.72,937.77
NAVE,NAVE_014,2025-10,1471.0400000000002,14601.72
NAVE,NAVE_014,2025-11,1800.8200000000002,1471.0400000000002
NAVE,NAVE_014,2025-12,1896.63,1800.8200000000002
NAVE_CATEGORIA,NAVE_001 | SERVICIOS DE MANTENIMIENTO,2025-01,9742.0,9797.76
NAVE_CATEGORIA,NAVE_001 | SERVICIOS DE MANTENIMIENTO,2025-02,12883.0,9742.0
NAVE_CATEGORIA,NAVE_001 | SERVICIOS DE MANTENIMIENTO,2025-03,36640.74,12883.0
NAVE_CATEGORIA,NAVE_001 | SERVICIOS DE MANTENIMIENTO,2025-04,38266.56,36640.74
NAVE_CATEGORIA,NAVE_001 | SERVICIOS DE MANTENIMIENTO,2025-05,45296.44,38266.56
NAVE_CATEGORIA,NAVE_001 | SERVICIOS DE MANTENIMIENTO,2025-06,293273.34,45296.44
NAVE_CATEGORIA,NAVE_001 | SERVICIOS DE MANTENIMIENTO,2025-07,1031998.85,293273.34
NAVE_CATEGORIA,NAVE_001 | SERVICIOS DE MANTENIMIENTO,2025-08,30236.75,1031998.85
NAVE_CATEGORIA,NAVE_001 | SERVICIOS DE MANTENIMIENTO,2025-09,4637.45,30236.75
NAVE_CATEGORIA,NAVE_002 | SERVICIOS DE MANTENIMIENTO,2025-01,21785.99,36840.86
NAVE_CATEGORIA,NAVE_002 | SERVICIOS DE MANTENIMIENTO,2025-02,45492.86,21785.99
NAVE_CATEGORIA,NAVE_002 | SERVICIOS DE MANTENIMIENTO,2025-03,3600.0,45492.86
NAVE_CATEGORIA,NAVE_002 | SERVICIOS DE MANTENIMIENTO,2025-04,9977.0,3600.0
NAVE_CATEGORIA,NAVE_002 | SERVICIOS DE MANTENIMIENTO,2025-05,10385.16,9977.0
NAVE_CATEGORIA,NAVE_002 | SERVICIOS DE MANTENIMIENTO,2025-06,11334.88,10385.16
NAVE_CATEGORIA,NAVE_002 | SERVICIOS DE MANTENIMIENTO,2025-07,14339.36,11334.88
NAVE_CATEGORIA,NAVE_002 | SERVICIOS DE MANTENIMIENTO,2025-08,5850.0,14339.36
NAVE_CATEGORIA,NAVE_002 | SERVICIOS DE MANTENIMIENTO,2025-09,740.0,5850.0
NAVE_CATEGORIA,NAVE_004 | SERVICIOS DE MANTENIMIENTO,2025-01,7720.0,9676.64
NAVE_CATEGORIA,NAVE_004 | SERVICIOS DE MANTENIMIENTO,2025-02,1500.0,7720.0
NAVE_CATEGORIA,NAVE_004 | SERVICIOS DE MANTENIMIENTO,2025-03,2104.2,1500.0
NAVE_CATEGORIA,NAVE_004 | SERVICIOS DE MANTENIMIENTO,2025-04,429.2,2104.2
NAVE_CATEGORIA,NAVE_004 | SERVICIOS DE MANTENIMIENTO,2025-05,3705.0,429.2
NAVE_CATEGORIA,NAVE_004 | SERVICIOS DE MANTENIMIENTO,2025-06,10707.75,3705.0
NAVE_CATEGORIA,NAVE_004 | SERVICIOS DE MANTENIMIENTO,2025-07,6411.570000000001,10707.75
NAVE_CATEGORIA,NAVE_004 | SERVICIOS DE MANTENIMIENTO,2025-08,795.0,6411.570000000001
NAVE_CATEGORIA,NAVE_004 | SERVICIOS DE MANTENIMIENTO,2025-09,3662.0,795.0
NAVE_CATEGORIA,NAVE_004 | SERVICIOS DE MANTENIMIENTO,2025-10,1915.45,3662.0
NAVE_CATEGORIA,NAVE_004 | SERVICIOS DE MANTENIMIENTO,2025-11,1422.2,1915.45
NAVE_CATEGORIA,NAVE_004 | SERVICIOS DE MANTENIMIENTO,2025-12,2763.91,1422.2
NAVE_CATEGORIA,NAVE_005 | SERVICIOS DE MANTENIMIENTO,2025-01,6040.0,2664.05
NAVE_CATEGORIA,NAVE_005 | SERVICIOS DE MANTENIMIENTO,2025-02,1410.0,6040.0
NAVE_CATEGORIA,NAVE_005 | SERVICIOS DE MANTENIMIENTO,2025-03,7300.16,1410.0
NAVE_CATEGORIA,NAVE_005 | SERVICIOS DE MANTENIMIENTO,2025-04,7540.0,7300.16
NAVE_CATEGORIA,NAVE_005 | SERVICIOS DE MANTENIMIENTO,2025-05,2791.0,7540.0
NAVE_CATEGORIA,NAVE_005 | SERVICIOS DE MANTENIMIENTO,2025-06,3000.0,2791.0
NAVE_CATEGORIA,NAVE_005 | SERVICIOS DE MANTENIMIENTO,2025-08,471.42,3000.0
NAVE_CATEGORIA,NAVE_005 | SERVICIOS DE MANTENIMIENTO,2025-09,1575.0,471.42
NAVE_CATEGORIA,NAVE_005 | SERVICIOS DE MANTENIMIENTO,2025-10,1300.0,1575.0
NAVE_CATEGORIA,NAVE_005 | SERVICIOS DE MANTENIMIENTO,2025-11,6137.13,1300.0
NAVE_CATEGORIA,NAVE_007 | SERVICIOS DE MANTENIMIENTO,2025-01,2030.0,14872.0
NAVE_CATEGORIA,NAVE_007 | SERVICIOS DE MANTENIMIENTO,2025-02,18906.35,2030.0
NAVE_CATEGORIA,NAVE_007 | SERVICIOS DE MANTENIMIENTO,2025-03,5365.0,18906.35
NAVE_CATEGORIA,NAVE_007 | SERVICIOS DE MANTENIMIENTO,2025-04,17961.989999999998,5365.0
NAVE_CATEGORIA,NAVE_007 | SERVICIOS DE MANTENIMIENTO,2025-05,10230.74,17961.989999999998
NAVE_CATEGORIA,NAVE_007 | SERVICIOS DE MANTENIMIENTO,2025-06,15688.72,10230.74
NAVE_CATEGORIA,NAVE_007 | SERVICIOS DE MANTENIMIENTO,2025-07,8259.0,15688.72
NAVE_CATEGORIA,NAVE_007 | SERVICIOS DE MANTENIMIENTO,2025-08,6174.0,8259.0
NAVE_CATEGORIA,NAVE_007 | SERVICIOS DE MANTENIMIENTO,2025-09,21053.6,6174.0
NAVE_CATEGORIA,NAVE_008 | SERVICIOS DE MANTENIMIENTO,2025-01,18068.48,7477.39805123565
NAVE_CATEGORIA,NAVE_008 | SERVICIOS DE MANTENIMIENTO,2025-02,47548.7,15953.644701127372
NAVE_CATEGORIA,NAVE_008 | SERVICIOS DE MANTENIMIENTO,2025-03,8652.29,44701.466850593075
NAVE_CATEGORIA,NAVE_008 | SERVICIOS DE MANTENIMIENTO,2025-04,2807.0,32870.06478107562
NAVE_CATEGORIA,NAVE_008 | SERVICIOS DE MANTENIMIENTO,2025-05,17032.72,47049.394337697995
NAVE_CATEGORIA,NAVE_008 | SERVICIOS DE MANTENIMIENTO,2025-06,11510.0,-3412.0882374523135
NAVE_CATEGORIA,NAVE_008 | SERVICIOS DE MANTENIMIENTO,2025-07,115248.51,-12436.718385270648
NAVE_CATEGORIA,NAVE_008 | SERVICIOS DE MANTENIMIENTO,2025-08,65667.5,89011.51247255647
NAVE_CATEGORIA,NAVE_008 | SERVICIOS DE MANTENIMIENTO,2025-09,11029.75,80775.36493666912
NAVE_CATEGORIA,NAVE_010 | SERVICIOS DE MANTENIMIENTO,2025-01,585.0,392.4
NAVE_CATEGORIA,NAVE_010 | SERVICIOS DE MANTENIMIENTO,2025-02,630.4,585.0
NAVE_CATEGORIA,NAVE_010 | SERVICIOS DE MANTENIMIENTO,2025-03,434.78,630.4
NAVE_CATEGORIA,NAVE_010 | SERVICIOS DE MANTENIMIENTO,2025-04,7508.36,434.78
NAVE_CATEGORIA,NAVE_010 | SERVICIOS DE MANTENIMIENTO,2025-05,2642.2,7508.36
NAVE_CATEGORIA,NAVE_010 | SERVICIOS DE MANTENIMIENTO,2025-06,1010.0,2642.2
NAVE_CATEGORIA,NAVE_010 | SERVICIOS DE MANTENIMIENTO,2025-07,1830.0,1010.0
NAVE_CATEGORIA,NAVE_010 | SERVICIOS DE MANTENIMIENTO,2025-08,2786.62,1830.0
NAVE_CATEGORIA,NAVE_010 | SERVICIOS DE MANTENIMIENTO,2025-09,350.0,2786.62
NAVE_CATEGORIA,NAVE_010 | SERVICIOS DE MANTENIMIENTO,2025-10,2971.47,350.0
NAVE_CATEGORIA,NAVE_010 | SERVICIOS DE MANTENIMIENTO,2025-11,3909.1,2971.47
NAVE_CATEGORIA,NAVE_011 | SERVICIOS DE MANTENIMIENTO,2025-01,9061.35,8233.19
NAVE_CATEGORIA,NAVE_011 | SERVICIOS DE MANTENIMIENTO,2025-02,6334.5,9061.35
NAVE_CATEGORIA,NAVE_011 | SERVICIOS DE MANTENIMIENTO,2025-03,824.86,6334.5
NAVE_CATEGORIA,NAVE_011 | SERVICIOS DE MANTENIMIENTO,2025-04,7007.0,824.86
NAVE_CATEGORIA,NAVE_011 | SERVICIOS DE MANTENIMIENTO,2025-05,12573.43,7007.0
NAVE_CATEGORIA,NAVE_011 | SERVICIOS DE MANTENIMIENTO,2025-06,2425.0,12573.43
NAVE_CATEGORIA,NAVE_011 | SERVICIOS DE MANTENIMIENTO,2025-07,4200.0,2425.0
NAVE_CATEGORIA,NAVE_011 | SERVICIOS DE MANTENIMIENTO,2025-08,5315.4,4200.0
NAVE_CATEGORIA,NAVE_011 | SERVICIOS DE MANTENIMIENTO,2025-09,18776.57,5315.4
NAVE_CATEGORIA,NAVE_013 | SERVICIOS DE MANTENIMIENTO,2025-01,108.7,1804.16
NAVE_CATEGORIA,NAVE_013 | SERVICIOS DE MANTENIMIENTO,2025-03,5025.0,108.7
NAVE_CATEGORIA,NAVE_013 | SERVICIOS DE MANTENIMIENTO,2025-04,2486.21,5025.0
NAVE_CATEGORIA,NAVE_013 | SERVICIOS DE MANTENIMIENTO,2025-05,550.0,2486.21
NAVE_CATEGORIA,NAVE_013 | SERVICIOS DE MANTENIMIENTO,2025-06,323.74,550.0
NAVE_CATEGORIA,NAVE_013 | SERVICIOS DE MANTENIMIENTO,2025-07,2163.63,323.74
NAVE_CATEGORIA,NAVE_013 | SERVICIOS DE MANTENIMIENTO,2025-08,3140.0,2163.63
NAVE_CATEGORIA,NAVE_013 | SERVICIOS DE MANTENIMIENTO,2025-09,625.0,3140.0
NAVE_CATEGORIA,NAVE_013 | SERVICIOS DE MANTENIMIENTO,2025-10,3200.0,625.0
NAVE_CATEGORIA,NAVE_013 | SERVICIOS DE MANTENIMIENTO,2025-12,13135.920000000002,3200.0
NAVE_CATEGORIA,NAVE_014 | SERVICIOS DE MANTENIMIENTO,2025-01,2635.0,462.7
NAVE_CATEGORIA,NAVE_014 | SERVICIOS DE MANTENIMIENTO,2025-02,1646.22,2635.0
NAVE_CATEGORIA,NAVE_014 | SERVICIOS DE MANTENIMIENTO,2025-03,1468.0,1646.22
NAVE_CATEGORIA,NAVE_014 | SERVICIOS DE MANTENIMIENTO,2025-05,540.0,1468.0
NAVE_CATEGORIA,NAVE_014 | SERVICIOS DE MANTENIMIENTO,2025-06,7736.38,540.0
NAVE_CATEGORIA,NAVE_014 | SERVICIOS DE MANTENIMIENTO,2025-07,2205.0,7736.38
NAVE_CATEGORIA,NAVE_014 | SERVICIOS DE MANTENIMIENTO,2025-08,750.0,2205.0
NAVE_CATEGORIA,NAVE_014 | SERVICIOS DE MANTENIMIENTO,2025-09,13008.06,750.0
NAVE_CATEGORIA,NAVE_014 | SERVICIOS DE MANTENIMIENTO,2025-10,695.47,13008.06
NAVE_CATEGORIA,NAVE_014 | SERVICIOS DE MANTENIMIENTO,2025-11,888.0,695.47
NAVE_CATEGORIA,NAVE_014 | SERVICIOS DE MANTENIMIENTO,2025-12,410.0,888.0
