FechaCont,ItemCode,Quantity,PrecioUnitarioSinDescuento,DescuentoUnitario,PrecioUnitario,SubTotal,Tipo,ParteTecnica,Tipo_norm,ParteTecnica_norm,ProveedorAnonimo,NaveAnonima,CostoCalculado,DiferenciaCosto,ErrorAbsolutoCosto,ErrorRelativoCosto,ClasificacionDiferenciaMonetaria
2021-01-08,P003936,1.0,333.96,,0.0,333.96,BUQUE,ACEITE,BUQUE,ACEITE,PROV_101,NAVE_002,0.0,333.96,333.96,1.0,Posible error
2021-01-08,P003936,1.0,333.96,,0.0,333.96,BUQUE,ACEITE,BUQUE,ACEITE,PROV_101,NAVE_002,0.0,333.96,333.96,1.0,Posible error
2021-02-01,P003654,1.0,0.0,0.0,25.48,25.48,REMOLCADOR,REPUESTOS MECANICOS,REMOLCADOR,REPUESTOS MECANICOS,PROV_024,NAVE_014,25.48,0.0,0.0,0.0,Coincidencia exacta
2021-02-01,P003654,1.0,0.0,0.0,25.48,25.48,REMOLCADOR,REPUESTOS MECANICOS,REMOLCADOR,REPUESTOS MECANICOS,PROV_024,NAVE_014,25.48,0.0,0.0,0.0,Coincidencia exacta
2021-02-09,P000365,15.0,0.0,0.0,2.0,30.0,BUQUE,FERRETERIA,BUQUE,FERRETERIA,PROV_189,NAVE_011,30.0,0.0,0.0,0.0,Coincidencia exacta
2021-02-09,P000365,15.0,0.0,0.0,2.0,30.0,BUQUE,FERRETERIA,BUQUE,FERRETERIA,PROV_189,NAVE_011,30.0,0.0,0.0,0.0,Coincidencia exacta
2021-03-01,PS00009,1.0,240.0,240.0,240.0,240.0,BUQUE,SERVICIOS DE MANTENIMIENTO,BUQUE,SERVICIOS DE MANTENIMIENTO,PROV_483,NAVE_002,240.0,0.0,0.0,0.0,Coincidencia exacta
2021-03-01,PS00009,1.0,240.0,240.0,240.0,240.0,BUQUE,SERVICIOS DE MANTENIMIENTO,BUQUE,SERVICIOS DE MANTENIMIENTO,PROV_483,NAVE_002,240.0,0.0,0.0,0.0,Coincidencia exacta
2021-03-02,P005193,1.0,0.0,0.0,50.0,50.0,BUQUE,MATERIALES DE LIMPIEZA,BUQUE,MATERIALES DE LIMPIEZA,PROV_396,NAVE_011,50.0,0.0,0.0,0.0,Coincidencia exacta
2021-03-02,P005193,1.0,0.0,0.0,50.0,50.0,BUQUE,MATERIALES DE LIMPIEZA,BUQUE,MATERIALES DE LIMPIEZA,PROV_396,NAVE_011,50.0,0.0,0.0,0.0,Coincidencia exacta
2021-04-05,PS00009,1.0,26.46,26.46,26.46,26.46,BUQUE,SERVICIOS DE MANTENIMIENTO,BUQUE,SERVICIOS DE MANTENIMIENTO,PROV_202,NAVE_002,26.46,0.0,0.0,0.0,Coincidencia exacta
2021-04-05,PS00009,1.0,26.46,26.46,26.46,26.46,BUQUE,SERVICIOS DE MANTENIMIENTO,BUQUE,SERVICIOS DE MANTENIMIENTO,PROV_202,NAVE_002,26.46,0.0,0.0,0.0,Coincidencia exacta
2021-04-12,P000527,2.0,0.0,0.0,7.89,15.78,BUQUE,FERRETERIA,BUQUE,FERRETERIA,PROV_313,NAVE_011,15.78,0.0,0.0,0.0,Coincidencia exacta
2021-04-12,P000527,2.0,0.0,0.0,7.89,15.78,BUQUE,FERRETERIA,BUQUE,FERRETERIA,PROV_313,NAVE_011,15.78,0.0,0.0,0.0,Coincidencia exacta
2021-05-19,PS00009,1.0,245.0,245.0,245.0,245.0,BUQUE,SERVICIOS DE MANTENIMIENTO,BUQUE,SERVICIOS DE MANTENIMIENTO,PROV_483,NAVE_002,245.0,0.0,0.0,0.0,Coincidencia exacta
2021-05-19,PS00009,1.0,245.0,245.0,245.0,245.0,BUQUE,SERVICIOS DE MANTENIMIENTO,BUQUE,SERVICIOS DE MANTENIMIENTO,PROV_483,NAVE_002,245.0,0.0,0.0,0.0,Coincidencia exacta
2021-07-05,PS00006,1.0,0.0,0.0,158.0,158.0,REMOLCADOR,SERVICIOS DE MANTENIMIENTO,REMOLCADOR,SERVICIOS DE MANTENIMIENTO,PROV_394,NAVE_010,158.0,0.0,0.0,0.0,Coincidencia exacta
2021-07-05,PS00006,1.0,0.0,0.0,158.0,158.0,REMOLCADOR,SERVICIOS DE MANTENIMIENTO,REMOLCADOR,SERVICIOS DE MANTENIMIENTO,PROV_394,NAVE_010,158.0,0.0,0.0,0.0,Coincidencia exacta
2021-07-09,P003936,1.0,424.3459,,0.0,424.35,BUQUE,ACEITE,BUQUE,ACEITE,PROV_101,NAVE_002,0.0,424.35,424.35,1.0,Posible error
2021-07-09,P003936,1.0,424.3459,,0.0,424.35,BUQUE,ACEITE,BUQUE,ACEITE,PROV_101,NAVE_002,0.0,424.35,424.35,1.0,Posible error
2021-09-10,PS00006,1.0,0.0,0.0,1715.0,1715.0,REMOLCADOR,SERVICIOS DE MANTENIMIENTO,REMOLCADOR,SERVICIOS DE MANTENIMIENTO,PROV_009,NAVE_014,1715.0,0.0,0.0,0.0,Coincidencia exacta
2021-09-10,PS00006,1.0,0.0,0.0,1715.0,1715.0,REMOLCADOR,SERVICIOS DE MANTENIMIENTO,REMOLCADOR,SERVICIOS DE MANTENIMIENTO,PROV_009,NAVE_014,1715.0,0.0,0.0,0.0,Coincidencia exacta
2021-09-14,P002121,3.0,11.9,11.9,11.9,35.7,BUQUE,FERRETERIA,BUQUE,FERRETERIA,PROV_375,NAVE_011,35.7,0.0,0.0,0.0,Coincidencia exacta
2021-09-14,P002121,3.0,11.9,11.9,11.9,35.7,BUQUE,FERRETERIA,BUQUE,FERRETERIA,PROV_375,NAVE_011,35.7,0.0,0.0,0.0,Coincidencia exacta
2021-12-01,PS00006,1.0,0.0,0.0,75.0,75.0,BUQUE,SERVICIOS DE MANTENIMIENTO,BUQUE,SERVICIOS DE MANTENIMIENTO,PROV_304,NAVE_002,75.0,0.0,0.0,0.0,Coincidencia exacta
2021-12-01,PS00006,1.0,0.0,0.0,75.0,75.0,BUQUE,SERVICIOS DE MANTENIMIENTO,BUQUE,SERVICIOS DE MANTENIMIENTO,PROV_304,NAVE_002,75.0,0.0,0.0,0.0,Coincidencia exacta
2022-01-03,PS00006,1.0,6102.5,6102.5,6102.5,6102.5,BUQUE,SERVICIOS DE MANTENIMIENTO,BUQUE,SERVICIOS DE MANTENIMIENTO,PROV_140,NAVE_007,6102.5,0.0,0.0,0.0,Coincidencia exacta
2022-01-03,PS00006,1.0,6102.5,6102.5,6102.5,6102.5,BUQUE,SERVICIOS DE MANTENIMIENTO,BUQUE,SERVICIOS DE MANTENIMIENTO,PROV_140,NAVE_007,6102.5,0.0,0.0,0.0,Coincidencia exacta
2022-01-06,PS00006,1.0,0.0,0.0,90.0,90.0,REMOLCADOR,SERVICIOS DE MANTENIMIENTO,REMOLCADOR,SERVICIOS DE MANTENIMIENTO,PROV_394,NAVE_010,90.0,0.0,0.0,0.0,Coincidencia exacta
2022-01-06,PS00006,1.0,0.0,0.0,90.0,90.0,REMOLCADOR,SERVICIOS DE MANTENIMIENTO,REMOLCADOR,SERVICIOS DE MANTENIMIENTO,PROV_394,NAVE_010,90.0,0.0,0.0,0.0,Coincidencia exacta
2022-01-13,PS00006,1.0,0.0,0.0,623.67,623.67,REMOLCADOR,SERVICIOS DE MANTENIMIENTO,REMOLCADOR,SERVICIOS DE MANTENIMIENTO,PROV_009,NAVE_006,623.67,0.0,0.0,0.0,Coincidencia exacta
2022-01-13,PS00006,1.0,0.0,0.0,623.67,623.67,REMOLCADOR,SERVICIOS DE MANTENIMIENTO,REMOLCADOR,SERVICIOS DE MANTENIMIENTO,PROV_009,NAVE_006,623.67,0.0,0.0,0.0,Coincidencia exacta
2022-01-21,P002820,2.0,10.268,3.79916,6.46884,12.93768,BUQUE,REPUESTOS MECANICOS,BUQUE,REPUESTOS MECANICOS,PROV_376,NAVE_001,12.93768,0.0,0.0,0.0,Coincidencia exacta
2022-01-21,P002820,2.0,10.268,3.79916,6.46884,12.93768,BUQUE,REPUESTOS MECANICOS,BUQUE,REPUESTOS MECANICOS,PROV_376,NAVE_001,12.93768,0.0,0.0,0.0,Coincidencia exacta
2022-02-03,P005578,1.0,0.0,0.0,2.23,2.23,REMOLCADOR,REPUESTOS MECANICOS,REMOLCADOR,REPUESTOS MECANICOS,PROV_024,NAVE_013,2.23,0.0,0.0,0.0,Coincidencia exacta
2022-02-03,P005578,1.0,0.0,0.0,2.23,2.23,REMOLCADOR,REPUESTOS MECANICOS,REMOLCADOR,REPUESTOS MECANICOS,PROV_024,NAVE_013,2.23,0.0,0.0,0.0,Coincidencia exacta
2022-02-03,P003449,4.0,0.0,0.0,596.4,2385.6,BUQUE,QUIMICOS,BUQUE,QUIMICOS,PROV_177,NAVE_001,2385.6,0.0,0.0,0.0,Coincidencia exacta
2022-02-03,P003449,4.0,0.0,0.0,596.4,2385.6,BUQUE,QUIMICOS,BUQUE,QUIMICOS,PROV_177,NAVE_001,2385.6,0.0,0.0,0.0,Coincidencia exacta
2022-02-08,PS00006,1.0,0.0,0.0,4504.0,4504.0,REMOLCADOR,SERVICIOS DE MANTENIMIENTO,REMOLCADOR,SERVICIOS DE MANTENIMIENTO,PROV_009,NAVE_006,4504.0,0.0,0.0,0.0,Coincidencia exacta
2022-02-08,PS00006,1.0,0.0,0.0,4504.0,4504.0,REMOLCADOR,SERVICIOS DE MANTENIMIENTO,REMOLCADOR,SERVICIOS DE MANTENIMIENTO,PROV_009,NAVE_006,4504.0,0.0,0.0,0.0,Coincidencia exacta
2022-03-02,P001119,6.0,0.0,0.0,9.0,54.0,BUQUE,QUIMICOS,BUQUE,QUIMICOS,PROV_198,NAVE_002,54.0,0.0,0.0,0.0,Coincidencia exacta
2022-03-02,P001119,6.0,0.0,0.0,9.0,54.0,BUQUE,QUIMICOS,BUQUE,QUIMICOS,PROV_198,NAVE_002,54.0,0.0,0.0,0.0,Coincidencia exacta
2022-04-06,PS00006,1.0,0.0,0.0,75.0,75.0,BUQUE,SERVICIOS DE MANTENIMIENTO,BUQUE,SERVICIOS DE MANTENIMIENTO,PROV_304,NAVE_001,75.0,0.0,0.0,0.0,Coincidencia exacta
2022-04-06,PS00006,1.0,0.0,0.0,75.0,75.0,BUQUE,SERVICIOS DE MANTENIMIENTO,BUQUE,SERVICIOS DE MANTENIMIENTO,PROV_304,NAVE_001,75.0,0.0,0.0,0.0,Coincidencia exacta
2022-04-13,P002735,1.0,0.0,0.0,63.22,63.22,BUQUE,ACEITE,BUQUE,ACEITE,PROV_193,NAVE_001,63.22,0.0,0.0,0.0,Coincidencia exacta
2022-04-13,P002735,1.0,0.0,0.0,63.22,63.22,BUQUE,ACEITE,BUQUE,ACEITE,PROV_193,NAVE_001,63.22,0.0,0.0,0.0,Coincidencia exacta
2022-05-03,PS00001,1.0,0.0,0.0,150.0,150.0,BUQUE,SERVICIOS DE MANTENIMIENTO,BUQUE,SERVICIOS DE MANTENIMIENTO,PROV_170,NAVE_008,150.0,0.0,0.0,0.0,Coincidencia exacta
2022-05-03,PS00001,1.0,0.0,0.0,150.0,150.0,BUQUE,SERVICIOS DE MANTENIMIENTO,BUQUE,SERVICIOS DE MANTENIMIENTO,PROV_170,NAVE_008,150.0,0.0,0.0,0.0,Coincidencia exacta
2022-05-03,PS00001,1.0,0.0,0.0,150.0,150.0,BUQUE,SERVICIOS DE MANTENIMIENTO,BUQUE,SERVICIOS DE MANTENIMIENTO,PROV_170,NAVE_008,150.0,0.0,0.0,0.0,Coincidencia exacta
2022-05-03,PS00001,1.0,0.0,0.0,150.0,150.0,BUQUE,SERVICIOS DE MANTENIMIENTO,BUQUE,SERVICIOS DE MANTENIMIENTO,PROV_170,NAVE_008,150.0,0.0,0.0,0.0,Coincidencia exacta
2022-05-03,PS00001,1.0,0.0,0.0,150.0,150.0,BUQUE,SERVICIOS DE MANTENIMIENTO,BUQUE,SERVICIOS DE MANTENIMIENTO,PROV_170,NAVE_008,150.0,0.0,0.0,0.0,Coincidencia exacta
2022-05-03,PS00001,1.0,0.0,0.0,150.0,150.0,BUQUE,SERVICIOS DE MANTENIMIENTO,BUQUE,SERVICIOS DE MANTENIMIENTO,PROV_170,NAVE_008,150.0,0.0,0.0,0.0,Coincidencia exacta
2022-05-03,PS00001,1.0,0.0,0.0,150.0,150.0,BUQUE,SERVICIOS DE MANTENIMIENTO,BUQUE,SERVICIOS DE MANTENIMIENTO,PROV_170,NAVE_008,150.0,0.0,0.0,0.0,Coincidencia exacta
2022-05-12,PS00001,1.0,0.0,0.0,1009.0,1009.0,REMOLCADOR,SERVICIOS DE MANTENIMIENTO,REMOLCADOR,SERVICIOS DE MANTENIMIENTO,PROV_165,NAVE_004,1009.0,0.0,0.0,0.0,Coincidencia exacta
2022-05-12,PS00001,1.0,0.0,0.0,1009.0,1009.0,REMOLCADOR,SERVICIOS DE MANTENIMIENTO,REMOLCADOR,SERVICIOS DE MANTENIMIENTO,PROV_165,NAVE_004,1009.0,0.0,0.0,0.0,Coincidencia exacta
2022-05-24,P004807,2.0,0.0,0.0,24.2,51.788,BUQUE,REPUESTOS MECANICOS,BUQUE,REPUESTOS MECANICOS,PROV_025,NAVE_001,48.4,3.387999999999998,3.387999999999998,0.06542056074766352,Diferencia material
2022-05-24,P004807,2.0,0.0,0.0,24.2,51.788,BUQUE,REPUESTOS MECANICOS,BUQUE,REPUESTOS MECANICOS,PROV_025,NAVE_001,48.4,3.387999999999998,3.387999999999998,0.06542056074766352,Diferencia material
2022-06-10,PS00006,1.0,1100.0,1100.0,1100.0,1100.0,BUQUE,SERVICIOS DE MANTENIMIENTO,BUQUE,SERVICIOS DE MANTENIMIENTO,PROV_130,NAVE_002,1100.0,0.0,0.0,0.0,Coincidencia exacta
2022-06-10,PS00006,1.0,1100.0,1100.0,1100.0,1100.0,BUQUE,SERVICIOS DE MANTENIMIENTO,BUQUE,SERVICIOS DE MANTENIMIENTO,PROV_130,NAVE_002,1100.0,0.0,0.0,0.0,Coincidencia exacta
2022-06-21,PS00006,1.0,1500.0,75.0,1425.0,1425.0,REMOLCADOR,SERVICIOS DE MANTENIMIENTO,REMOLCADOR,SERVICIOS DE MANTENIMIENTO,PROV_141,NAVE_004,1425.0,0.0,0.0,0.0,Coincidencia exacta
2022-06-21,PS00006,1.0,1500.0,75.0,1425.0,1425.0,REMOLCADOR,SERVICIOS DE MANTENIMIENTO,REMOLCADOR,SERVICIOS DE MANTENIMIENTO,PROV_141,NAVE_004,1425.0,0.0,0.0,0.0,Coincidencia exacta
2022-06-21,PS00006,1.0,1250.0,62.5,1187.5,1187.5,REMOLCADOR,SERVICIOS DE MANTENIMIENTO,REMOLCADOR,SERVICIOS DE MANTENIMIENTO,PROV_141,NAVE_004,1187.5,0.0,0.0,0.0,Coincidencia exacta
2022-06-21,PS00006,1.0,1250.0,62.5,1187.5,1187.5,REMOLCADOR,SERVICIOS DE MANTENIMIENTO,REMOLCADOR,SERVICIOS DE MANTENIMIENTO,PROV_141,NAVE_004,1187.5,0.0,0.0,0.0,Coincidencia exacta
2022-07-14,P004424,3.0,0.0,0.0,423.95,1271.85,REMOLCADOR,FILTROS,REMOLCADOR,FILTROS,PROV_263,NAVE_005,1271.85,0.0,0.0,0.0,Coincidencia exacta
2022-07-14,P004424,3.0,0.0,0.0,423.95,1271.85,REMOLCADOR,FILTROS,REMOLCADOR,FILTROS,PROV_263,NAVE_005,1271.85,0.0,0.0,0.0,Coincidencia exacta
2022-08-19,PS00009,1.0,450.0,450.0,450.0,450.0,REMOLCADOR,SERVICIOS DE MANTENIMIENTO,REMOLCADOR,SERVICIOS DE MANTENIMIENTO,PROV_029,NAVE_004,450.0,0.0,0.0,0.0,Coincidencia exacta
2022-08-19,PS00009,1.0,450.0,450.0,450.0,450.0,REMOLCADOR,SERVICIOS DE MANTENIMIENTO,REMOLCADOR,SERVICIOS DE MANTENIMIENTO,PROV_029,NAVE_004,450.0,0.0,0.0,0.0,Coincidencia exacta
2022-10-18,PS00006,1.0,0.0,0.0,80.0,80.0,REMOLCADOR,SERVICIOS DE MANTENIMIENTO,REMOLCADOR,SERVICIOS DE MANTENIMIENTO,PROV_024,NAVE_009,80.0,0.0,0.0,0.0,Coincidencia exacta
2022-10-18,PS00006,1.0,0.0,0.0,80.0,80.0,REMOLCADOR,SERVICIOS DE MANTENIMIENTO,REMOLCADOR,SERVICIOS DE MANTENIMIENTO,PROV_024,NAVE_009,80.0,0.0,0.0,0.0,Coincidencia exacta
2022-10-20,P000023,10.0,1.0,0.23,0.77,7.7,BUQUE,FERRETERIA,BUQUE,FERRETERIA,PROV_198,NAVE_007,7.7,0.0,0.0,0.0,Coincidencia exacta
2022-10-20,P000023,10.0,1.0,0.23,0.77,7.7,BUQUE,FERRETERIA,BUQUE,FERRETERIA,PROV_198,NAVE_007,7.7,0.0,0.0,0.0,Coincidencia exacta
2022-10-20,P000882,15.0,32.2,7.409999,24.79,371.850002,BUQUE,FERRETERIA,BUQUE,FERRETERIA,PROV_198,NAVE_007,371.84999999999997,2.0000000517939043e-06,2.0000000517939043e-06,5.378512951558096e-09,Coincidencia exacta
2022-10-20,P000882,15.0,32.2,7.409999,24.79,371.850002,BUQUE,FERRETERIA,BUQUE,FERRETERIA,PROV_198,NAVE_007,371.84999999999997,2.0000000517939043e-06,2.0000000517939043e-06,5.378512951558096e-09,Coincidencia exacta
2022-10-20,P001193,30.0,3.3,0.759,2.541,76.23,BUQUE,FERRETERIA,BUQUE,FERRETERIA,PROV_198,NAVE_007,76.23,0.0,0.0,0.0,Coincidencia exacta
2022-10-20,P001193,30.0,3.3,0.759,2.541,76.23,BUQUE,FERRETERIA,BUQUE,FERRETERIA,PROV_198,NAVE_007,76.23,0.0,0.0,0.0,Coincidencia exacta
2022-10-20,P002226,3.0,13.3,3.059,10.241,30.723,BUQUE,FERRETERIA,BUQUE,FERRETERIA,PROV_198,NAVE_007,30.723,0.0,0.0,0.0,Coincidencia exacta
2022-10-20,P002226,3.0,13.3,3.059,10.241,30.723,BUQUE,FERRETERIA,BUQUE,FERRETERIA,PROV_198,NAVE_007,30.723,0.0,0.0,0.0,Coincidencia exacta
2022-10-20,P003402,6.0,2.0,0.46,1.54,9.24,BUQUE,MATERIALES DE LIMPIEZA,BUQUE,MATERIALES DE LIMPIEZA,PROV_198,NAVE_007,9.24,0.0,0.0,0.0,Coincidencia exacta
2022-10-20,P003402,6.0,2.0,0.46,1.54,9.24,BUQUE,MATERIALES DE LIMPIEZA,BUQUE,MATERIALES DE LIMPIEZA,PROV_198,NAVE_007,9.24,0.0,0.0,0.0,Coincidencia exacta
2022-10-20,P003724,1.0,105.0,24.15,80.85,80.85,BUQUE,MATERIALES DE LIMPIEZA,BUQUE,MATERIALES DE LIMPIEZA,PROV_198,NAVE_007,80.85,0.0,0.0,0.0,Coincidencia exacta
2022-10-20,P003724,1.0,105.0,24.15,80.85,80.85,BUQUE,MATERIALES DE LIMPIEZA,BUQUE,MATERIALES DE LIMPIEZA,PROV_198,NAVE_007,80.85,0.0,0.0,0.0,Coincidencia exacta
2022-10-20,P005739,3.0,13.05,3.0015,10.0485,30.1455,BUQUE,FERRETERIA,BUQUE,FERRETERIA,PROV_198,NAVE_007,30.145500000000002,-3.552713678800501e-15,3.552713678800501e-15,1.1785220609379514e-16,Coincidencia exacta
2022-10-20,P005739,3.0,13.05,3.0015,10.0485,30.1455,BUQUE,FERRETERIA,BUQUE,FERRETERIA,PROV_198,NAVE_007,30.145500000000002,-3.552713678800501e-15,3.552713678800501e-15,1.1785220609379514e-16,Coincidencia exacta
2022-11-14,PS00006,1.0,0.0,0.0,1684.07,1684.07,REMOLCADOR,SERVICIOS DE MANTENIMIENTO,REMOLCADOR,SERVICIOS DE MANTENIMIENTO,PROV_009,NAVE_014,1684.07,0.0,0.0,0.0,Coincidencia exacta
2022-11-14,PS00006,1.0,0.0,0.0,1684.07,1684.07,REMOLCADOR,SERVICIOS DE MANTENIMIENTO,REMOLCADOR,SERVICIOS DE MANTENIMIENTO,PROV_009,NAVE_014,1684.07,0.0,0.0,0.0,Coincidencia exacta
2022-12-01,PS00009,1.0,250.0,250.0,250.0,250.0,BUQUE,SERVICIOS DE MANTENIMIENTO,BUQUE,SERVICIOS DE MANTENIMIENTO,PROV_029,NAVE_007,250.0,0.0,0.0,0.0,Coincidencia exacta
2022-12-01,PS00009,1.0,250.0,250.0,250.0,250.0,BUQUE,SERVICIOS DE MANTENIMIENTO,BUQUE,SERVICIOS DE MANTENIMIENTO,PROV_029,NAVE_007,250.0,0.0,0.0,0.0,Coincidencia exacta
2023-02-07,PS00006,1.0,0.0,0.0,2500.0,2500.0,BUQUE,SERVICIOS DE MANTENIMIENTO,BUQUE,SERVICIOS DE MANTENIMIENTO,PROV_084,NAVE_001,2500.0,0.0,0.0,0.0,Coincidencia exacta
2023-02-07,PS00006,1.0,0.0,0.0,2500.0,2500.0,BUQUE,SERVICIOS DE MANTENIMIENTO,BUQUE,SERVICIOS DE MANTENIMIENTO,PROV_084,NAVE_001,2500.0,0.0,0.0,0.0,Coincidencia exacta
2023-02-10,PS00006,1.0,0.0,0.0,450.0,450.0,REMOLCADOR,SERVICIOS DE MANTENIMIENTO,REMOLCADOR,SERVICIOS DE MANTENIMIENTO,PROV_009,NAVE_013,450.0,0.0,0.0,0.0,Coincidencia exacta
2023-02-10,PS00006,1.0,0.0,0.0,450.0,450.0,REMOLCADOR,SERVICIOS DE MANTENIMIENTO,REMOLCADOR,SERVICIOS DE MANTENIMIENTO,PROV_009,NAVE_013,450.0,0.0,0.0,0.0,Coincidencia exacta
2023-02-17,P000106,3.0,20.9,20.9,20.9,62.7,BUQUE,FERRETERIA,BUQUE,FERRETERIA,PROV_387,NAVE_007,62.699999999999996,7.105427357601002e-15,7.105427357601002e-15,1.1332420028071772e-16,Coincidencia exacta
2023-02-17,P000106,3.0,20.9,20.9,20.9,62.7,BUQUE,FERRETERIA,BUQUE,FERRETERIA,PROV_387,NAVE_007,62.699999999999996,7.105427357601002e-15,7.105427357601002e-15,1.1332420028071772e-16,Coincidencia exacta
2023-02-17,P000293,10.0,0.0,0.0,6.512,65.12,BUQUE,FERRETERIA,BUQUE,FERRETERIA,PROV_387,NAVE_007,65.11999999999999,1.4210854715202004e-14,1.4210854715202004e-14,2.182256559459767e-16,Coincidencia exacta
2023-02-17,P000293,10.0,0.0,0.0,6.512,65.12,BUQUE,FERRETERIA,BUQUE,FERRETERIA,PROV_387,NAVE_007,65.11999999999999,1.4210854715202004e-14,1.4210854715202004e-14,2.182256559459767e-16,Coincidencia exacta
2023-02-17,P000294,10.0,0.0,0.0,7.592,75.92,BUQUE,FERRETERIA,BUQUE,FERRETERIA,PROV_387,NAVE_007,75.92,0.0,0.0,0.0,Coincidencia exacta
2023-02-17,P000294,10.0,0.0,0.0,7.592,75.92,BUQUE,FERRETERIA,BUQUE,FERRETERIA,PROV_387,NAVE_007,75.92,0.0,0.0,0.0,Coincidencia exacta
2023-02-17,P000353,1.0,0.0,0.0,800.33,800.33,BUQUE,FERRETERIA,BUQUE,FERRETERIA,PROV_387,NAVE_007,800.33,0.0,0.0,0.0,Coincidencia exacta
2023-02-17,P000353,1.0,0.0,0.0,800.33,800.33,BUQUE,FERRETERIA,BUQUE,FERRETERIA,PROV_387,NAVE_007,800.33,0.0,0.0,0.0,Coincidencia exacta
2023-02-17,P000353,1.0,806.05,806.05,806.05,806.05,BUQUE,FERRETERIA,BUQUE,FERRETERIA,PROV_387,NAVE_007,806.05,0.0,0.0,0.0,Coincidencia exacta
2023-02-17,P000353,1.0,806.05,806.05,806.05,806.05,BUQUE,FERRETERIA,BUQUE,FERRETERIA,PROV_387,NAVE_007,806.05,0.0,0.0,0.0,Coincidencia exacta
2023-02-17,P000397,1.0,0.0,0.0,110.39,110.39,BUQUE,FERRETERIA,BUQUE,FERRETERIA,PROV_387,NAVE_007,110.39,0.0,0.0,0.0,Coincidencia exacta
2023-02-17,P000397,1.0,0.0,0.0,110.39,110.39,BUQUE,FERRETERIA,BUQUE,FERRETERIA,PROV_387,NAVE_007,110.39,0.0,0.0,0.0,Coincidencia exacta
2023-02-17,P000416,2.0,0.0,0.0,55.49,110.98,BUQUE,FERRETERIA,BUQUE,FERRETERIA,PROV_387,NAVE_007,110.98,0.0,0.0,0.0,Coincidencia exacta
2023-02-17,P000416,2.0,0.0,0.0,55.49,110.98,BUQUE,FERRETERIA,BUQUE,FERRETERIA,PROV_387,NAVE_007,110.98,0.0,0.0,0.0,Coincidencia exacta
2023-02-17,P000416,6.0,0.0,0.0,36.788333,220.73,BUQUE,FERRETERIA,BUQUE,FERRETERIA,PROV_387,NAVE_007,220.72999800000002,1.999999966528776e-06,1.999999966528776e-06,9.060843412897096e-09,Coincidencia exacta
2023-02-17,P000416,6.0,0.0,0.0,36.788333,220.73,BUQUE,FERRETERIA,BUQUE,FERRETERIA,PROV_387,NAVE_007,220.72999800000002,1.999999966528776e-06,1.999999966528776e-06,9.060843412897096e-09,Coincidencia exacta
2023-02-17,P000435,1.0,0.0,0.0,17.7,17.7,BUQUE,FERRETERIA,BUQUE,FERRETERIA,PROV_387,NAVE_007,17.7,0.0,0.0,0.0,Coincidencia exacta
2023-02-17,P000435,1.0,0.0,0.0,17.7,17.7,BUQUE,FERRETERIA,BUQUE,FERRETERIA,PROV_387,NAVE_007,17.7,0.0,0.0,0.0,Coincidencia exacta
2023-02-17,P000436,1.0,0.0,0.0,21.32,21.32,BUQUE,FERRETERIA,BUQUE,FERRETERIA,PROV_387,NAVE_007,21.32,0.0,0.0,0.0,Coincidencia exacta
2023-02-17,P000436,1.0,0.0,0.0,21.32,21.32,BUQUE,FERRETERIA,BUQUE,FERRETERIA,PROV_387,NAVE_007,21.32,0.0,0.0,0.0,Coincidencia exacta
2023-02-17,P000592,1.0,0.0,0.0,66.03,66.03,BUQUE,FERRETERIA,BUQUE,FERRETERIA,PROV_387,NAVE_007,66.03,0.0,0.0,0.0,Coincidencia exacta
2023-02-17,P000592,1.0,0.0,0.0,66.03,66.03,BUQUE,FERRETERIA,BUQUE,FERRETERIA,PROV_387,NAVE_007,66.03,0.0,0.0,0.0,Coincidencia exacta
2023-02-17,P000598,10.0,12.252,12.252,12.252,122.52,BUQUE,QUIMICOS,BUQUE,QUIMICOS,PROV_387,NAVE_007,122.52000000000001,-1.4210854715202004e-14,1.4210854715202004e-14,1.159880404440255e-16,Coincidencia exacta
2023-02-17,P000598,10.0,12.252,12.252,12.252,122.52,BUQUE,QUIMICOS,BUQUE,QUIMICOS,PROV_387,NAVE_007,122.52000000000001,-1.4210854715202004e-14,1.4210854715202004e-14,1.159880404440255e-16,Coincidencia exacta
2023-02-17,P000613,10.0,0.0,0.0,6.993,69.93,BUQUE,FERRETERIA,BUQUE,FERRETERIA,PROV_387,NAVE_007,69.93,0.0,0.0,0.0,Coincidencia exacta
2023-02-17,P000613,10.0,0.0,0.0,6.993,69.93,BUQUE,FERRETERIA,BUQUE,FERRETERIA,PROV_387,NAVE_007,69.93,0.0,0.0,0.0,Coincidencia exacta
2023-02-17,P000661,3.0,0.0,0.0,12.67,38.01,BUQUE,MATERIALES DE LIMPIEZA,BUQUE,MATERIALES DE LIMPIEZA,PROV_387,NAVE_007,38.01,0.0,0.0,0.0,Coincidencia exacta
2023-02-17,P000661,3.0,0.0,0.0,12.67,38.01,BUQUE,MATERIALES DE LIMPIEZA,BUQUE,MATERIALES DE LIMPIEZA,PROV_387,NAVE_007,38.01,0.0,0.0,0.0,Coincidencia exacta
2023-02-17,P000664,4.0,0.0,0.0,13.33,53.32,BUQUE,FERRETERIA,BUQUE,FERRETERIA,PROV_387,NAVE_007,53.32,0.0,0.0,0.0,Coincidencia exacta
2023-02-17,P000664,4.0,0.0,0.0,13.33,53.32,BUQUE,FERRETERIA,BUQUE,FERRETERIA,PROV_387,NAVE_007,53.32,0.0,0.0,0.0,Coincidencia exacta
2023-02-17,P000688,4.0,0.0,0.0,13.5375,54.15,BUQUE,FERRETERIA,BUQUE,FERRETERIA,PROV_387,NAVE_007,54.15,0.0,0.0,0.0,Coincidencia exacta
2023-02-17,P000688,4.0,0.0,0.0,13.5375,54.15,BUQUE,FERRETERIA,BUQUE,FERRETERIA,PROV_387,NAVE_007,54.15,0.0,0.0,0.0,Coincidencia exacta
2023-02-17,P000715,12.0,29.5925,29.5925,29.5925,355.11,BUQUE,FERRETERIA,BUQUE,FERRETERIA,PROV_387,NAVE_007,355.11,0.0,0.0,0.0,Coincidencia exacta
2023-02-17,P000715,12.0,29.5925,29.5925,29.5925,355.11,BUQUE,FERRETERIA,BUQUE,FERRETERIA,PROV_387,NAVE_007,355.11,0.0,0.0,0.0,Coincidencia exacta
2023-02-17,P000724,2.0,0.0,0.0,77.095,154.19,BUQUE,FERRETERIA,BUQUE,FERRETERIA,PROV_387,NAVE_007,154.19,0.0,0.0,0.0,Coincidencia exacta
2023-02-17,P000724,2.0,0.0,0.0,77.095,154.19,BUQUE,FERRETERIA,BUQUE,FERRETERIA,PROV_387,NAVE_007,154.19,0.0,0.0,0.0,Coincidencia exacta
2023-02-17,P000775,6.0,0.0,0.0,7.516667,45.1,BUQUE,FERRETERIA,BUQUE,FERRETERIA,PROV_387,NAVE_007,45.100002,-2.0000000020559128e-06,2.0000000020559128e-06,4.434589805002024e-08,Coincidencia exacta
2023-02-17,P000775,6.0,0.0,0.0,7.516667,45.1,BUQUE,FERRETERIA,BUQUE,FERRETERIA,PROV_387,NAVE_007,45.100002,-2.0000000020559128e-06,2.0000000020559128e-06,4.434589805002024e-08,Coincidencia exacta
2023-02-17,P000778,6.0,0.0,0.0,14.216667,85.3,BUQUE,FERRETERIA,BUQUE,FERRETERIA,PROV_387,NAVE_007,85.30000199999999,-1.9999999949504854e-06,1.9999999949504854e-06,2.3446658791916594e-08,Coincidencia exacta
2023-02-17,P000778,6.0,0.0,0.0,14.216667,85.3,BUQUE,FERRETERIA,BUQUE,FERRETERIA,PROV_387,NAVE_007,85.30000199999999,-1.9999999949504854e-06,1.9999999949504854e-06,2.3446658791916594e-08,Coincidencia exacta
2023-02-17,P000807,3.0,0.0,0.0,31.28,93.84,BUQUE,FERRETERIA,BUQUE,FERRETERIA,PROV_387,NAVE_007,93.84,0.0,0.0,0.0,Coincidencia exacta
2023-02-17,P000807,3.0,0.0,0.0,31.28,93.84,BUQUE,FERRETERIA,BUQUE,FERRETERIA,PROV_387,NAVE_007,93.84,0.0,0.0,0.0,Coincidencia exacta
2023-02-17,P000829,1.0,0.0,0.0,48.6,48.6,BUQUE,FERRETERIA,BUQUE,FERRETERIA,PROV_387,NAVE_007,48.6,0.0,0.0,0.0,Coincidencia exacta
2023-02-17,P000829,1.0,0.0,0.0,48.6,48.6,BUQUE,FERRETERIA,BUQUE,FERRETERIA,PROV_387,NAVE_007,48.6,0.0,0.0,0.0,Coincidencia exacta
2023-02-17,P000874,5.0,39.052,39.052,39.052,195.26,BUQUE,QUIMICOS,BUQUE,QUIMICOS,PROV_387,NAVE_007,195.26,0.0,0.0,0.0,Coincidencia exacta
2023-02-17,P000874,5.0,39.052,39.052,39.052,195.26,BUQUE,QUIMICOS,BUQUE,QUIMICOS,PROV_387,NAVE_007,195.26,0.0,0.0,0.0,Coincidencia exacta
2023-02-17,P000899,2.0,0.0,0.0,16.07,32.14,BUQUE,FERRETERIA,BUQUE,FERRETERIA,PROV_387,NAVE_007,32.14,0.0,0.0,0.0,Coincidencia exacta
2023-02-17,P000899,2.0,0.0,0.0,16.07,32.14,BUQUE,FERRETERIA,BUQUE,FERRETERIA,PROV_387,NAVE_007,32.14,0.0,0.0,0.0,Coincidencia exacta
2023-02-17,P000900,2.0,0.0,0.0,16.135,32.27,BUQUE,FERRETERIA,BUQUE,FERRETERIA,PROV_387,NAVE_007,32.27,0.0,0.0,0.0,Coincidencia exacta
2023-02-17,P000900,2.0,0.0,0.0,16.135,32.27,BUQUE,FERRETERIA,BUQUE,FERRETERIA,PROV_387,NAVE_007,32.27,0.0,0.0,0.0,Coincidencia exacta
2023-02-17,P000901,2.0,0.0,0.0,16.365,32.73,BUQUE,FERRETERIA,BUQUE,FERRETERIA,PROV_387,NAVE_007,32.73,0.0,0.0,0.0,Coincidencia exacta
2023-02-17,P000901,2.0,0.0,0.0,16.365,32.73,BUQUE,FERRETERIA,BUQUE,FERRETERIA,PROV_387,NAVE_007,32.73,0.0,0.0,0.0,Coincidencia exacta
2023-02-17,P000902,2.0,0.0,0.0,16.395,32.79,BUQUE,FERRETERIA,BUQUE,FERRETERIA,PROV_387,NAVE_007,32.79,0.0,0.0,0.0,Coincidencia exacta
2023-02-17,P000902,2.0,0.0,0.0,16.395,32.79,BUQUE,FERRETERIA,BUQUE,FERRETERIA,PROV_387,NAVE_007,32.79,0.0,0.0,0.0,Coincidencia exacta
2023-02-17,P000903,2.0,0.0,0.0,16.755,33.51,BUQUE,FERRETERIA,BUQUE,FERRETERIA,PROV_387,NAVE_007,33.51,0.0,0.0,0.0,Coincidencia exacta
2023-02-17,P000903,2.0,0.0,0.0,16.755,33.51,BUQUE,FERRETERIA,BUQUE,FERRETERIA,PROV_387,NAVE_007,33.51,0.0,0.0,0.0,Coincidencia exacta
2023-02-17,P000904,2.0,0.0,0.0,16.825,33.65,BUQUE,FERRETERIA,BUQUE,FERRETERIA,PROV_387,NAVE_007,33.65,0.0,0.0,0.0,Coincidencia exacta
2023-02-17,P000904,2.0,0.0,0.0,16.825,33.65,BUQUE,FERRETERIA,BUQUE,FERRETERIA,PROV_387,NAVE_007,33.65,0.0,0.0,0.0,Coincidencia exacta
2023-02-17,P000905,2.0,0.0,0.0,16.885,33.77,BUQUE,FERRETERIA,BUQUE,FERRETERIA,PROV_387,NAVE_007,33.77,0.0,0.0,0.0,Coincidencia exacta
2023-02-17,P000905,2.0,0.0,0.0,16.885,33.77,BUQUE,FERRETERIA,BUQUE,FERRETERIA,PROV_387,NAVE_007,33.77,0.0,0.0,0.0,Coincidencia exacta
2023-02-17,P000931,10.0,60.592,60.592,60.592,605.92,BUQUE,FERRETERIA,BUQUE,FERRETERIA,PROV_387,NAVE_007,605.92,0.0,0.0,0.0,Coincidencia exacta
2023-02-17,P000931,10.0,60.592,60.592,60.592,605.92,BUQUE,FERRETERIA,BUQUE,FERRETERIA,PROV_387,NAVE_007,605.92,0.0,0.0,0.0,Coincidencia exacta
2023-02-17,P000947,6.0,0.0,0.0,11.061667,66.37,BUQUE,FERRETERIA,BUQUE,FERRETERIA,PROV_387,NAVE_007,66.370002,-1.9999999949504854e-06,1.9999999949504854e-06,3.013409665436922e-08,Coincidencia exacta
2023-02-17,P000947,6.0,0.0,0.0,11.061667,66.37,BUQUE,FERRETERIA,BUQUE,FERRETERIA,PROV_387,NAVE_007,66.370002,-1.9999999949504854e-06,1.9999999949504854e-06,3.013409665436922e-08,Coincidencia exacta
2023-02-17,P000947,6.0,0.0,0.0,11.061667,66.37,BUQUE,FERRETERIA,BUQUE,FERRETERIA,PROV_387,NAVE_007,66.370002,-1.9999999949504854e-06,1.9999999949504854e-06,3.013409665436922e-08,Coincidencia exacta
2023-02-17,P000947,6.0,0.0,0.0,11.061667,66.37,BUQUE,FERRETERIA,BUQUE,FERRETERIA,PROV_387,NAVE_007,66.370002,-1.9999999949504854e-06,1.9999999949504854e-06,3.013409665436922e-08,Coincidencia exacta
2023-02-17,P000947,6.0,0.0,0.0,11.061667,66.37,BUQUE,FERRETERIA,BUQUE,FERRETERIA,PROV_387,NAVE_007,66.370002,-1.9999999949504854e-06,1.9999999949504854e-06,3.013409665436922e-08,Coincidencia exacta
2023-02-17,P000947,6.0,0.0,0.0,11.061667,66.37,BUQUE,FERRETERIA,BUQUE,FERRETERIA,PROV_387,NAVE_007,66.370002,-1.9999999949504854e-06,1.9999999949504854e-06,3.013409665436922e-08,Coincidencia exacta
2023-02-17,P000947,6.0,0.0,0.0,11.061667,66.37,BUQUE,FERRETERIA,BUQUE,FERRETERIA,PROV_387,NAVE_007,66.370002,-1.9999999949504854e-06,1.9999999949504854e-06,3.013409665436922e-08,Coincidencia exacta
2023-02-17,P000947,6.0,0.0,0.0,11.061667,66.37,BUQUE,FERRETERIA,BUQUE,FERRETERIA,PROV_387,NAVE_007,66.370002,-1.9999999949504854e-06,1.9999999949504854e-06,3.013409665436922e-08,Coincidencia exacta
2023-02-17,P000947,6.0,0.0,0.0,11.061667,66.37,BUQUE,FERRETERIA,BUQUE,FERRETERIA,PROV_387,NAVE_007,66.370002,-1.9999999949504854e-06,1.9999999949504854e-06,3.013409665436922e-08,Coincidencia exacta
2023-02-17,P000947,6.0,0.0,0.0,11.061667,66.37,BUQUE,FERRETERIA,BUQUE,FERRETERIA,PROV_387,NAVE_007,66.370002,-1.9999999949504854e-06,1.9999999949504854e-06,3.013409665436922e-08,Coincidencia exacta
2023-02-17,P000947,6.0,0.0,0.0,11.061667,66.37,BUQUE,FERRETERIA,BUQUE,FERRETERIA,PROV_387,NAVE_007,66.370002,-1.9999999949504854e-06,1.9999999949504854e-06,3.013409665436922e-08,Coincidencia exacta
2023-02-17,P000947,6.0,0.0,0.0,11.061667,66.37,BUQUE,FERRETERIA,BUQUE,FERRETERIA,PROV_387,NAVE_007,66.370002,-1.9999999949504854e-06,1.9999999949504854e-06,3.013409665436922e-08,Coincidencia exacta
2023-02-17,P000947,6.0,11.061667,11.061667,11.061667,66.37,BUQUE,FERRETERIA,BUQUE,FERRETERIA,PROV_387,NAVE_007,66.370002,-1.9999999949504854e-06,1.9999999949504854e-06,3.013409665436922e-08,Coincidencia exacta
2023-02-17,P000947,6.0,11.061667,11.061667,11.061667,66.37,BUQUE,FERRETERIA,BUQUE,FERRETERIA,PROV_387,NAVE_007,66.370002,-1.9999999949504854e-06,1.9999999949504854e-06,3.013409665436922e-08,Coincidencia exacta
2023-02-17,P001049,5.0,0.0,0.0,30.072,150.36,BUQUE,FERRETERIA,BUQUE,FERRETERIA,PROV_387,NAVE_007,150.35999999999999,2.842170943040401e-14,2.842170943040401e-14,1.8902440429904234e-16,Coincidencia exacta
2023-02-17,P001049,5.0,0.0,0.0,30.072,150.36,BUQUE,FERRETERIA,BUQUE,FERRETERIA,PROV_387,NAVE_007,150.35999999999999,2.842170943040401e-14,2.842170943040401e-14,1.8902440429904234e-16,Coincidencia exacta
2023-02-17,P001049,5.0,0.0,0.0,30.072,150.36,BUQUE,FERRETERIA,BUQUE,FERRETERIA,PROV_387,NAVE_007,150.35999999999999,2.842170943040401e-14,2.842170943040401e-14,1.8902440429904234e-16,Coincidencia exacta
2023-02-17,P001049,5.0,0.0,0.0,30.072,150.36,BUQUE,FERRETERIA,BUQUE,FERRETERIA,PROV_387,NAVE_007,150.35999999999999,2.842170943040401e-14,2.842170943040401e-14,1.8902440429904234e-16,Coincidencia exacta
2023-02-17,P001070,10.0,0.0,0.0,39.83,398.3,BUQUE,FERRETERIA,BUQUE,FERRETERIA,PROV_387,NAVE_007,398.29999999999995,5.684341886080802e-14,5.684341886080802e-14,1.4271508626866184e-16,Coincidencia exacta
2023-02-17,P001070,10.0,0.0,0.0,39.83,398.3,BUQUE,FERRETERIA,BUQUE,FERRETERIA,PROV_387,NAVE_007,398.29999999999995,5.684341886080802e-14,5.684341886080802e-14,1.4271508626866184e-16,Coincidencia exacta
2023-02-17,P001108,3.0,0.0,0.0,31.55,94.65,BUQUE,FERRETERIA,BUQUE,FERRETERIA,PROV_387,NAVE_007,94.65,0.0,0.0,0.0,Coincidencia exacta
2023-02-17,P001108,3.0,0.0,0.0,31.55,94.65,BUQUE,FERRETERIA,BUQUE,FERRETERIA,PROV_387,NAVE_007,94.65,0.0,0.0,0.0,Coincidencia exacta
2023-02-17,P001108,3.0,34.323333,34.323333,34.323333,102.97,BUQUE,FERRETERIA,BUQUE,FERRETERIA,PROV_387,NAVE_007,102.969999,9.999999974752427e-07,9.999999974752427e-07,9.711566451153179e-09,Coincidencia exacta
2023-02-17,P001108,3.0,34.323333,34.323333,34.323333,102.97,BUQUE,FERRETERIA,BUQUE,FERRETERIA,PROV_387,NAVE_007,102.969999,9.999999974752427e-07,9.999999974752427e-07,9.711566451153179e-09,Coincidencia exacta
2023-02-17,P001119,15.0,15.434667,15.434667,15.434667,231.52,BUQUE,QUIMICOS,BUQUE,QUIMICOS,PROV_387,NAVE_007,231.520005,-4.9999999873762135e-06,4.9999999873762135e-06,2.1596406303456347e-08,Coincidencia exacta
2023-02-17,P001119,15.0,15.434667,15.434667,15.434667,231.52,BUQUE,QUIMICOS,BUQUE,QUIMICOS,PROV_387,NAVE_007,231.520005,-4.9999999873762135e-06,4.9999999873762135e-06,2.1596406303456347e-08,Coincidencia exacta
2023-02-17,P001187,2.0,0.0,0.0,23.765,47.53,BUQUE,FERRETERIA,BUQUE,FERRETERIA,PROV_387,NAVE_007,47.53,0.0,0.0,0.0,Coincidencia exacta
2023-02-17,P001187,2.0,0.0,0.0,23.765,47.53,BUQUE,FERRETERIA,BUQUE,FERRETERIA,PROV_387,NAVE_007,47.53,0.0,0.0,0.0,Coincidencia exacta
2023-02-17,P001192,24.0,0.0,0.0,4.6275,111.06,BUQUE,FERRETERIA,BUQUE,FERRETERIA,PROV_387,NAVE_007,111.06,0.0,0.0,0.0,Coincidencia exacta
2023-02-17,P001192,24.0,0.0,0.0,4.6275,111.06,BUQUE,FERRETERIA,BUQUE,FERRETERIA,PROV_387,NAVE_007,111.06,0.0,0.0,0.0,Coincidencia exacta
2023-02-17,P001193,24.0,0.0,0.0,4.6275,111.06,BUQUE,FERRETERIA,BUQUE,FERRETERIA,PROV_387,NAVE_007,111.06,0.0,0.0,0.0,Coincidencia exacta
2023-02-17,P001193,24.0,0.0,0.0,4.6275,111.06,BUQUE,FERRETERIA,BUQUE,FERRETERIA,PROV_387,NAVE_007,111.06,0.0,0.0,0.0,Coincidencia exacta
2023-02-17,P001381,1.0,0.0,0.0,159.52,159.52,BUQUE,FERRETERIA,BUQUE,FERRETERIA,PROV_387,NAVE_007,159.52,0.0,0.0,0.0,Coincidencia exacta
2023-02-17,P001381,1.0,0.0,0.0,159.52,159.52,BUQUE,FERRETERIA,BUQUE,FERRETERIA,PROV_387,NAVE_007,159.52,0.0,0.0,0.0,Coincidencia exacta
2023-02-17,P001532,2.0,165.145,165.145,165.145,330.29,BUQUE,FERRETERIA,BUQUE,FERRETERIA,PROV_387,NAVE_007,330.29,0.0,0.0,0.0,Coincidencia exacta
2023-02-17,P001532,2.0,165.145,165.145,165.145,330.29,BUQUE,FERRETERIA,BUQUE,FERRETERIA,PROV_387,NAVE_007,330.29,0.0,0.0,0.0,Coincidencia exacta
2023-02-17,P001536,1.0,0.0,0.0,99.56,99.56,BUQUE,FERRETERIA,BUQUE,FERRETERIA,PROV_387,NAVE_007,99.56,0.0,0.0,0.0,Coincidencia exacta
2023-02-17,P001536,1.0,0.0,0.0,99.56,99.56,BUQUE,FERRETERIA,BUQUE,FERRETERIA,PROV_387,NAVE_007,99.56,0.0,0.0,0.0,Coincidencia exacta
2023-02-17,P001536,50.0,1.4428,1.4428,1.4428,72.14,BUQUE,FERRETERIA,BUQUE,FERRETERIA,PROV_387,NAVE_007,72.14,0.0,0.0,0.0,Coincidencia exacta
2023-02-17,P001536,50.0,1.4428,1.4428,1.4428,72.14,BUQUE,FERRETERIA,BUQUE,FERRETERIA,PROV_387,NAVE_007,72.14,0.0,0.0,0.0,Coincidencia exacta
2023-02-17,P001739,6.0,0.0,0.0,7.286667,43.72,BUQUE,FERRETERIA,BUQUE,FERRETERIA,PROV_387,NAVE_007,43.720001999999994,-1.9999999949504854e-06,1.9999999949504854e-06,4.574565404735786e-08,Coincidencia exacta
2023-02-17,P001739,6.0,0.0,0.0,7.286667,43.72,BUQUE,FERRETERIA,BUQUE,FERRETERIA,PROV_387,NAVE_007,43.720001999999994,-1.9999999949504854e-06,1.9999999949504854e-06,4.574565404735786e-08,Coincidencia exacta
2023-02-17,P001798,2.0,131.765,131.765,131.765,263.53,BUQUE,FERRETERIA,BUQUE,FERRETERIA,PROV_387,NAVE_007,263.53,0.0,0.0,0.0,Coincidencia exacta
2023-02-17,P001798,2.0,131.765,131.765,131.765,263.53,BUQUE,FERRETERIA,BUQUE,FERRETERIA,PROV_387,NAVE_007,263.53,0.0,0.0,0.0,Coincidencia exacta
2023-02-17,P002404,20.0,3.803,3.803,3.803,76.06,BUQUE,FERRETERIA,BUQUE,FERRETERIA,PROV_387,NAVE_007,76.06,0.0,0.0,0.0,Coincidencia exacta
2023-02-17,P002404,20.0,3.803,3.803,3.803,76.06,BUQUE,FERRETERIA,BUQUE,FERRETERIA,PROV_387,NAVE_007,76.06,0.0,0.0,0.0,Coincidencia exacta
2023-02-17,P002418,5.0,0.0,0.0,7.282,36.41,BUQUE,FERRETERIA,BUQUE,FERRETERIA,PROV_387,NAVE_007,36.41,0.0,0.0,0.0,Coincidencia exacta
2023-02-17,P002418,5.0,0.0,0.0,7.282,36.41,BUQUE,FERRETERIA,BUQUE,FERRETERIA,PROV_387,NAVE_007,36.41,0.0,0.0,0.0,Coincidencia exacta
2023-02-17,P002418,20.0,0.0,0.0,12.447,248.94,BUQUE,FERRETERIA,BUQUE,FERRETERIA,PROV_387,NAVE_007,248.94,0.0,0.0,0.0,Coincidencia exacta
2023-02-17,P002418,20.0,0.0,0.0,12.447,248.94,BUQUE,FERRETERIA,BUQUE,FERRETERIA,PROV_387,NAVE_007,248.94,0.0,0.0,0.0,Coincidencia exacta
2023-02-17,P002425,1.0,0.0,0.0,25.18,25.18,BUQUE,FERRETERIA,BUQUE,FERRETERIA,PROV_387,NAVE_007,25.18,0.0,0.0,0.0,Coincidencia exacta
2023-02-17,P002425,1.0,0.0,0.0,25.18,25.18,BUQUE,FERRETERIA,BUQUE,FERRETERIA,PROV_387,NAVE_007,25.18,0.0,0.0,0.0,Coincidencia exacta
2023-02-17,P002507,12.0,29.2025,29.2025,29.2025,350.43,BUQUE,FERRETERIA,BUQUE,FERRETERIA,PROV_387,NAVE_007,350.43,0.0,0.0,0.0,Coincidencia exacta
2023-02-17,P002507,12.0,29.2025,29.2025,29.2025,350.43,BUQUE,FERRETERIA,BUQUE,FERRETERIA,PROV_387,NAVE_007,350.43,0.0,0.0,0.0,Coincidencia exacta
2023-02-17,P003100,1.0,0.0,0.0,106.97,106.97,BUQUE,FERRETERIA,BUQUE,FERRETERIA,PROV_387,NAVE_007,106.97,0.0,0.0,0.0,Coincidencia exacta
2023-02-17,P003100,1.0,0.0,0.0,106.97,106.97,BUQUE,FERRETERIA,BUQUE,FERRETERIA,PROV_387,NAVE_007,106.97,0.0,0.0,0.0,Coincidencia exacta
2023-02-17,P003460,3.0,0.0,0.0,54.53,163.59,BUQUE,FERRETERIA,BUQUE,FERRETERIA,PROV_387,NAVE_007,163.59,0.0,0.0,0.0,Coincidencia exacta
2023-02-17,P003460,3.0,0.0,0.0,54.53,163.59,BUQUE,FERRETERIA,BUQUE,FERRETERIA,PROV_387,NAVE_007,163.59,0.0,0.0,0.0,Coincidencia exacta
2023-02-17,P003460,3.0,57.303333,57.303333,57.303333,171.91,BUQUE,FERRETERIA,BUQUE,FERRETERIA,PROV_387,NAVE_007,171.909999,9.999999974752427e-07,9.999999974752427e-07,5.8169972513247786e-09,Coincidencia exacta
2023-02-17,P003460,3.0,57.303333,57.303333,57.303333,171.91,BUQUE,FERRETERIA,BUQUE,FERRETERIA,PROV_387,NAVE_007,171.909999,9.999999974752427e-07,9.999999974752427e-07,5.8169972513247786e-09,Coincidencia exacta
2023-02-17,P003561,4.0,0.0,0.0,57.2875,229.15,BUQUE,FERRETERIA,BUQUE,FERRETERIA,PROV_387,NAVE_007,229.15,0.0,0.0,0.0,Coincidencia exacta
2023-02-17,P003561,4.0,0.0,0.0,57.2875,229.15,BUQUE,FERRETERIA,BUQUE,FERRETERIA,PROV_387,NAVE_007,229.15,0.0,0.0,0.0,Coincidencia exacta
2023-02-17,P005003,20.0,3.848,3.848,3.848,76.96,BUQUE,FERRETERIA,BUQUE,FERRETERIA,PROV_387,NAVE_007,76.96,0.0,0.0,0.0,Coincidencia exacta
2023-02-17,P005003,20.0,3.848,3.848,3.848,76.96,BUQUE,FERRETERIA,BUQUE,FERRETERIA,PROV_387,NAVE_007,76.96,0.0,0.0,0.0,Coincidencia exacta
2023-06-12,PS00006,1.0,0.0,0.0,750.0,750.0,REMOLCADOR,SERVICIOS DE MANTENIMIENTO,REMOLCADOR,SERVICIOS DE MANTENIMIENTO,PROV_221,NAVE_014,750.0,0.0,0.0,0.0,Coincidencia exacta
2023-06-12,PS00006,1.0,0.0,0.0,750.0,750.0,REMOLCADOR,SERVICIOS DE MANTENIMIENTO,REMOLCADOR,SERVICIOS DE MANTENIMIENTO,PROV_221,NAVE_014,750.0,0.0,0.0,0.0,Coincidencia exacta
2023-06-12,PS00006,1.0,0.0,0.0,255.0,255.0,REMOLCADOR,SERVICIOS DE MANTENIMIENTO,REMOLCADOR,SERVICIOS DE MANTENIMIENTO,PROV_221,NAVE_014,255.0,0.0,0.0,0.0,Coincidencia exacta
2023-06-12,PS00006,1.0,0.0,0.0,255.0,255.0,REMOLCADOR,SERVICIOS DE MANTENIMIENTO,REMOLCADOR,SERVICIOS DE MANTENIMIENTO,PROV_221,NAVE_014,255.0,0.0,0.0,0.0,Coincidencia exacta
2023-06-15,PS00006,1.0,300.0,300.0,300.0,300.0,REMOLCADOR,SERVICIOS DE MANTENIMIENTO,REMOLCADOR,SERVICIOS DE MANTENIMIENTO,PROV_291,NAVE_009,300.0,0.0,0.0,0.0,Coincidencia exacta
2023-06-15,PS00006,1.0,300.0,300.0,300.0,300.0,REMOLCADOR,SERVICIOS DE MANTENIMIENTO,REMOLCADOR,SERVICIOS DE MANTENIMIENTO,PROV_291,NAVE_009,300.0,0.0,0.0,0.0,Coincidencia exacta
2023-07-11,P007977,1.0,0.0,0.0,2300.0,2300.0,BUQUE,FERRETERIA,BUQUE,FERRETERIA,PROV_281,NAVE_011,2300.0,0.0,0.0,0.0,Coincidencia exacta
2023-07-11,P007977,1.0,0.0,0.0,2300.0,2300.0,BUQUE,FERRETERIA,BUQUE,FERRETERIA,PROV_281,NAVE_011,2300.0,0.0,0.0,0.0,Coincidencia exacta
2023-07-17,PS00006,1.0,0.0,0.0,200.0,200.0,BUQUE,SERVICIOS DE MANTENIMIENTO,BUQUE,SERVICIOS DE MANTENIMIENTO,PROV_448,NAVE_008,200.0,0.0,0.0,0.0,Coincidencia exacta
2023-07-17,PS00006,1.0,0.0,0.0,200.0,200.0,BUQUE,SERVICIOS DE MANTENIMIENTO,BUQUE,SERVICIOS DE MANTENIMIENTO,PROV_448,NAVE_008,200.0,0.0,0.0,0.0,Coincidencia exacta
2023-07-21,PS00006,1.0,0.0,0.0,1200.0,1200.0,BUQUE,SERVICIOS DE MANTENIMIENTO,BUQUE,SERVICIOS DE MANTENIMIENTO,PROV_066,NAVE_001,1200.0,0.0,0.0,0.0,Coincidencia exacta
2023-07-21,PS00006,1.0,0.0,0.0,1200.0,1200.0,BUQUE,SERVICIOS DE MANTENIMIENTO,BUQUE,SERVICIOS DE MANTENIMIENTO,PROV_066,NAVE_001,1200.0,0.0,0.0,0.0,Coincidencia exacta
2023-07-25,P008018,1.0,80000.0,80000.0,80000.0,88800.0,REMOLCADOR,REPUESTOS MECANICOS,REMOLCADOR,REPUESTOS MECANICOS,PROV_004,NAVE_003,80000.0,8800.0,8800.0,0.0990990990990991,Diferencia material
2023-07-25,P008018,1.0,80000.0,80000.0,80000.0,88800.0,REMOLCADOR,REPUESTOS MECANICOS,REMOLCADOR,REPUESTOS MECANICOS,PROV_004,NAVE_003,80000.0,8800.0,8800.0,0.0990990990990991,Diferencia material
2023-07-25,P005475,1.0,0.0,0.0,25.12,25.12,BUQUE,FERRETERIA,BUQUE,FERRETERIA,PROV_251,NAVE_007,25.12,0.0,0.0,0.0,Coincidencia exacta
2023-07-25,P005475,1.0,0.0,0.0,25.12,25.12,BUQUE,FERRETERIA,BUQUE,FERRETERIA,PROV_251,NAVE_007,25.12,0.0,0.0,0.0,Coincidencia exacta
2023-07-26,P006113,1.0,0.0,0.0,110.44,110.44,BUQUE,FERRETERIA,BUQUE,FERRETERIA,PROV_296,NAVE_007,110.44,0.0,0.0,0.0,Coincidencia exacta
2023-07-26,P006113,1.0,0.0,0.0,110.44,110.44,BUQUE,FERRETERIA,BUQUE,FERRETERIA,PROV_296,NAVE_007,110.44,0.0,0.0,0.0,Coincidencia exacta
2023-08-01,P001178,150.0,0.0,0.0,2.1,315.0,BUQUE,FERRETERIA,BUQUE,FERRETERIA,PROV_258,NAVE_007,315.0,0.0,0.0,0.0,Coincidencia exacta
2023-08-01,P001178,150.0,0.0,0.0,2.1,315.0,BUQUE,FERRETERIA,BUQUE,FERRETERIA,PROV_258,NAVE_007,315.0,0.0,0.0,0.0,Coincidencia exacta
2023-08-01,P006206,150.0,0.0,0.0,0.28,42.0,BUQUE,FERRETERIA,BUQUE,FERRETERIA,PROV_258,NAVE_007,42.00000000000001,-7.105427357601002e-15,7.105427357601002e-15,1.691768418476429e-16,Coincidencia exacta
2023-08-01,P006206,150.0,0.0,0.0,0.28,42.0,BUQUE,FERRETERIA,BUQUE,FERRETERIA,PROV_258,NAVE_007,42.00000000000001,-7.105427357601002e-15,7.105427357601002e-15,1.691768418476429e-16,Coincidencia exacta
2023-08-04,PS00006,1.0,0.0,0.0,2700.0,2700.0,BUQUE,SERVICIOS DE MANTENIMIENTO,BUQUE,SERVICIOS DE MANTENIMIENTO,PROV_067,NAVE_007,2700.0,0.0,0.0,0.0,Coincidencia exacta
2023-08-04,PS00006,1.0,0.0,0.0,2700.0,2700.0,BUQUE,SERVICIOS DE MANTENIMIENTO,BUQUE,SERVICIOS DE MANTENIMIENTO,PROV_067,NAVE_007,2700.0,0.0,0.0,0.0,Coincidencia exacta
2023-08-04,PS00006,1.0,0.0,0.0,2700.0,2700.0,BUQUE,SERVICIOS DE MANTENIMIENTO,BUQUE,SERVICIOS DE MANTENIMIENTO,PROV_067,NAVE_007,2700.0,0.0,0.0,0.0,Coincidencia exacta
2023-10-12,PS00006,1.0,1577.0,-776.340005,2353.340005,2353.34,REMOLCADOR,SERVICIOS DE MANTENIMIENTO,REMOLCADOR,SERVICIOS DE MANTENIMIENTO,PROV_009,NAVE_006,2353.340005,-4.999999873689376e-06,4.999999873689376e-06,2.124639819868517e-09,Coincidencia exacta
2023-10-12,PS00006,1.0,1577.0,-776.340005,2353.340005,2353.34,REMOLCADOR,SERVICIOS DE MANTENIMIENTO,REMOLCADOR,SERVICIOS DE MANTENIMIENTO,PROV_009,NAVE_006,2353.340005,-4.999999873689376e-06,4.999999873689376e-06,2.124639819868517e-09,Coincidencia exacta
2023-11-17,PS00006,1.0,0.0,0.0,850.0,850.0,REMOLCADOR,SERVICIOS DE MANTENIMIENTO,REMOLCADOR,SERVICIOS DE MANTENIMIENTO,PROV_096,NAVE_004,850.0,0.0,0.0,0.0,Coincidencia exacta
2023-11-17,PS00006,1.0,0.0,0.0,850.0,850.0,REMOLCADOR,SERVICIOS DE MANTENIMIENTO,REMOLCADOR,SERVICIOS DE MANTENIMIENTO,PROV_096,NAVE_004,850.0,0.0,0.0,0.0,Coincidencia exacta
2024-03-20,301702,10.0,,,,16.81,REMOLCADORES,REPUESTOS ELECTRICOS,REMOLCADORES,REPUESTOS ELECTRICOS,PROV_467,NAVE_010,,,,,No evaluable
2024-03-20,301702,10.0,,,,16.81,REMOLCADORES,REPUESTOS ELECTRICOS,REMOLCADORES,REPUESTOS ELECTRICOS,PROV_467,NAVE_010,,,,,No evaluable
2024-04-19,304240,10.0,,,,270.02,REMOLCADORES,REPUESTOS MECANICOS,REMOLCADORES,REPUESTOS MECANICOS,PROV_236,NAVE_005,,,,,No evaluable
2024-04-19,304240,10.0,,,,270.02,REMOLCADORES,REPUESTOS MECANICOS,REMOLCADORES,REPUESTOS MECANICOS,PROV_236,NAVE_005,,,,,No evaluable
2024-04-25,PS00006,1.0,,,,1498.0,REMOLCADORES,SERVICIOS DE MANTENIMIENTO,REMOLCADORES,SERVICIOS DE MANTENIMIENTO,PROV_040,NAVE_010,,,,,No evaluable
2024-04-25,PS00006,1.0,,,,1498.0,REMOLCADORES,SERVICIOS DE MANTENIMIENTO,REMOLCADORES,SERVICIOS DE MANTENIMIENTO,PROV_040,NAVE_010,,,,,No evaluable
2024-07-18,PS00006,1.0,,,,1736.86,REMOLCADORES,SERVICIOS DE MANTENIMIENTO,REMOLCADORES,SERVICIOS DE MANTENIMIENTO,PROV_103,NAVE_003,,,,,No evaluable
2024-07-18,PS00006,1.0,,,,1736.86,REMOLCADORES,SERVICIOS DE MANTENIMIENTO,REMOLCADORES,SERVICIOS DE MANTENIMIENTO,PROV_103,NAVE_003,,,,,No evaluable
2024-08-15,PS00006,1.0,,,,2300.0,REMOLCADORES,SERVICIOS DE MANTENIMIENTO,REMOLCADORES,SERVICIOS DE MANTENIMIENTO,PROV_045,NAVE_006,,,,,No evaluable
2024-08-15,PS00006,1.0,,,,2300.0,REMOLCADORES,SERVICIOS DE MANTENIMIENTO,REMOLCADORES,SERVICIOS DE MANTENIMIENTO,PROV_045,NAVE_006,,,,,No evaluable
2024-08-22,PS00006,1.0,,,,3176.69,REMOLCADORES,SERVICIOS DE MANTENIMIENTO,REMOLCADORES,SERVICIOS DE MANTENIMIENTO,PROV_103,NAVE_006,,,,,No evaluable
2024-08-22,PS00006,1.0,,,,3176.69,REMOLCADORES,SERVICIOS DE MANTENIMIENTO,REMOLCADORES,SERVICIOS DE MANTENIMIENTO,PROV_103,NAVE_006,,,,,No evaluable
2024-09-03,PS00006,1.0,,,,109500.0,BUQUE,SERVICIOS DE MANTENIMIENTO,BUQUE,SERVICIOS DE MANTENIMIENTO,PROV_011,NAVE_002,,,,,No evaluable
2024-09-03,PS00006,1.0,,,,109500.0,BUQUE,SERVICIOS DE MANTENIMIENTO,BUQUE,SERVICIOS DE MANTENIMIENTO,PROV_011,NAVE_002,,,,,No evaluable
2024-09-03,PS00006,1.0,,,,109500.0,BUQUE,SERVICIOS DE MANTENIMIENTO,BUQUE,SERVICIOS DE MANTENIMIENTO,PROV_011,NAVE_002,,,,,No evaluable
2024-10-24,PS00006,1.0,,,,569.0,REMOLCADORES,SERVICIOS DE MANTENIMIENTO,REMOLCADORES,SERVICIOS DE MANTENIMIENTO,PROV_054,NAVE_009,,,,,No evaluable
2024-10-24,PS00006,1.0,,,,569.0,REMOLCADORES,SERVICIOS DE MANTENIMIENTO,REMOLCADORES,SERVICIOS DE MANTENIMIENTO,PROV_054,NAVE_009,,,,,No evaluable
2024-11-29,PS00006,1.0,,,,1822.0,REMOLCADORES,SERVICIOS DE MANTENIMIENTO,REMOLCADORES,SERVICIOS DE MANTENIMIENTO,PROV_302,NAVE_010,,,,,No evaluable
2024-11-29,PS00006,1.0,,,,1822.0,REMOLCADORES,SERVICIOS DE MANTENIMIENTO,REMOLCADORES,SERVICIOS DE MANTENIMIENTO,PROV_302,NAVE_010,,,,,No evaluable
2025-02-01,PS00006,1.0,,,,1650.0,BUQUE,SERVICIOS DE MANTENIMIENTO,BUQUE,SERVICIOS DE MANTENIMIENTO,PROV_006,NAVE_008,,,,,No evaluable
2025-02-01,PS00006,1.0,,,,1650.0,BUQUE,SERVICIOS DE MANTENIMIENTO,BUQUE,SERVICIOS DE MANTENIMIENTO,PROV_006,NAVE_008,,,,,No evaluable
2025-02-01,PS00006,1.0,,,,150.0,BUQUE,SERVICIOS DE MANTENIMIENTO,BUQUE,SERVICIOS DE MANTENIMIENTO,PROV_190,NAVE_008,,,,,No evaluable
2025-02-01,PS00006,1.0,,,,150.0,BUQUE,SERVICIOS DE MANTENIMIENTO,BUQUE,SERVICIOS DE MANTENIMIENTO,PROV_190,NAVE_008,,,,,No evaluable
2025-03-01,PS00006,1.0,,,,437.1,BUQUE,SERVICIOS DE MANTENIMIENTO,BUQUE,SERVICIOS DE MANTENIMIENTO,PROV_013,NAVE_001,,,,,No evaluable
2025-03-01,PS00006,1.0,,,,437.1,BUQUE,SERVICIOS DE MANTENIMIENTO,BUQUE,SERVICIOS DE MANTENIMIENTO,PROV_013,NAVE_001,,,,,No evaluable
2025-03-01,PS00006,1.0,,,,335.29,BUQUE,SERVICIOS DE MANTENIMIENTO,BUQUE,SERVICIOS DE MANTENIMIENTO,PROV_160,NAVE_008,,,,,No evaluable
2025-03-01,PS00006,1.0,,,,335.29,BUQUE,SERVICIOS DE MANTENIMIENTO,BUQUE,SERVICIOS DE MANTENIMIENTO,PROV_160,NAVE_008,,,,,No evaluable
2025-03-01,PS00006,1.0,,,,335.29,BUQUE,SERVICIOS DE MANTENIMIENTO,BUQUE,SERVICIOS DE MANTENIMIENTO,PROV_160,NAVE_011,,,,,No evaluable
2025-03-01,PS00006,1.0,,,,335.29,BUQUE,SERVICIOS DE MANTENIMIENTO,BUQUE,SERVICIOS DE MANTENIMIENTO,PROV_160,NAVE_011,,,,,No evaluable
2025-03-01,304928,2.0,,,,15.37,BUQUE,REPUESTOS MECANICOS,BUQUE,REPUESTOS MECANICOS,PROV_012,NAVE_002,,,,,No evaluable
2025-03-01,304928,2.0,,,,15.37,BUQUE,REPUESTOS MECANICOS,BUQUE,REPUESTOS MECANICOS,PROV_012,NAVE_002,,,,,No evaluable
2025-03-01,304929,2.0,,,,801.15,BUQUE,REPUESTOS MECANICOS,BUQUE,REPUESTOS MECANICOS,PROV_012,NAVE_002,,,,,No evaluable
2025-03-01,304929,2.0,,,,801.15,BUQUE,REPUESTOS MECANICOS,BUQUE,REPUESTOS MECANICOS,PROV_012,NAVE_002,,,,,No evaluable
2025-03-01,304930,2.0,,,,801.15,BUQUE,REPUESTOS MECANICOS,BUQUE,REPUESTOS MECANICOS,PROV_012,NAVE_002,,,,,No evaluable
2025-03-01,304930,2.0,,,,801.15,BUQUE,REPUESTOS MECANICOS,BUQUE,REPUESTOS MECANICOS,PROV_012,NAVE_002,,,,,No evaluable
2025-04-01,PS00006,1.0,,,,569.0,REMOLCADOR,SERVICIOS DE MANTENIMIENTO,REMOLCADOR,SERVICIOS DE MANTENIMIENTO,PROV_054,NAVE_005,,,,,No evaluable
2025-04-01,PS00006,1.0,,,,569.0,REMOLCADOR,SERVICIOS DE MANTENIMIENTO,REMOLCADOR,SERVICIOS DE MANTENIMIENTO,PROV_054,NAVE_005,,,,,No evaluable
2025-04-01,PS00006,1.0,,,,1360.0,BUQUE,SERVICIOS DE MANTENIMIENTO,BUQUE,SERVICIOS DE MANTENIMIENTO,PROV_303,NAVE_012,,,,,No evaluable
2025-04-01,PS00006,1.0,,,,1360.0,BUQUE,SERVICIOS DE MANTENIMIENTO,BUQUE,SERVICIOS DE MANTENIMIENTO,PROV_303,NAVE_012,,,,,No evaluable
2025-04-01,PS00006,1.0,,,,1280.25,BUQUE,SERVICIOS DE MANTENIMIENTO,BUQUE,SERVICIOS DE MANTENIMIENTO,PROV_032,NAVE_001,,,,,No evaluable
2025-04-01,PS00006,1.0,,,,1280.25,BUQUE,SERVICIOS DE MANTENIMIENTO,BUQUE,SERVICIOS DE MANTENIMIENTO,PROV_032,NAVE_001,,,,,No evaluable
2025-04-01,PS00006,1.0,,,,1400.0,BUQUE,SERVICIOS DE MANTENIMIENTO,BUQUE,SERVICIOS DE MANTENIMIENTO,PROV_006,NAVE_012,,,,,No evaluable
2025-04-01,PS00006,1.0,,,,1400.0,BUQUE,SERVICIOS DE MANTENIMIENTO,BUQUE,SERVICIOS DE MANTENIMIENTO,PROV_006,NAVE_012,,,,,No evaluable
2025-04-01,PS00006,1.0,,,,165.21,REMOLCADOR,SERVICIOS DE MANTENIMIENTO,REMOLCADOR,SERVICIOS DE MANTENIMIENTO,PROV_009,NAVE_013,,,,,No evaluable
2025-04-01,PS00006,1.0,,,,165.21,REMOLCADOR,SERVICIOS DE MANTENIMIENTO,REMOLCADOR,SERVICIOS DE MANTENIMIENTO,PROV_009,NAVE_013,,,,,No evaluable
2025-04-01,PS00006,1.0,,,,1626.0,REMOLCADOR,SERVICIOS DE MANTENIMIENTO,REMOLCADOR,SERVICIOS DE MANTENIMIENTO,PROV_009,NAVE_013,,,,,No evaluable
2025-04-01,PS00006,1.0,,,,1626.0,REMOLCADOR,SERVICIOS DE MANTENIMIENTO,REMOLCADOR,SERVICIOS DE MANTENIMIENTO,PROV_009,NAVE_013,,,,,No evaluable
2025-04-01,304095,10.0,,,,125.89,REMOLCADOR,REPUESTOS ELECTRICOS,REMOLCADOR,REPUESTOS ELECTRICOS,PROV_012,NAVE_009,,,,,No evaluable
2025-04-01,304095,10.0,,,,125.89,REMOLCADOR,REPUESTOS ELECTRICOS,REMOLCADOR,REPUESTOS ELECTRICOS,PROV_012,NAVE_009,,,,,No evaluable
2025-05-01,PS00006,1.0,,,,1465.0,BUQUE,SERVICIOS DE MANTENIMIENTO,BUQUE,SERVICIOS DE MANTENIMIENTO,PROV_303,NAVE_012,,,,,No evaluable
2025-05-01,PS00006,1.0,,,,1465.0,BUQUE,SERVICIOS DE MANTENIMIENTO,BUQUE,SERVICIOS DE MANTENIMIENTO,PROV_303,NAVE_012,,,,,No evaluable
2025-05-01,PS00006,1.0,,,,2700.0,BUQUE,SERVICIOS DE MANTENIMIENTO,BUQUE,SERVICIOS DE MANTENIMIENTO,PROV_111,NAVE_012,,,,,No evaluable
2025-05-01,PS00006,1.0,,,,2700.0,BUQUE,SERVICIOS DE MANTENIMIENTO,BUQUE,SERVICIOS DE MANTENIMIENTO,PROV_111,NAVE_012,,,,,No evaluable
2025-05-01,PS00006,1.0,,,,850.0,BUQUE,SERVICIOS DE MANTENIMIENTO,BUQUE,SERVICIOS DE MANTENIMIENTO,PROV_062,NAVE_001,,,,,No evaluable
2025-05-01,PS00006,1.0,,,,850.0,BUQUE,SERVICIOS DE MANTENIMIENTO,BUQUE,SERVICIOS DE MANTENIMIENTO,PROV_062,NAVE_001,,,,,No evaluable
2025-05-01,PS00006,1.0,,,,850.0,BUQUE,SERVICIOS DE MANTENIMIENTO,BUQUE,SERVICIOS DE MANTENIMIENTO,PROV_062,NAVE_001,,,,,No evaluable
2025-05-01,PS00006,1.0,,,,850.0,BUQUE,SERVICIOS DE MANTENIMIENTO,BUQUE,SERVICIOS DE MANTENIMIENTO,PROV_062,NAVE_001,,,,,No evaluable
2025-05-01,PS00006,1.0,,,,288.0,BUQUE,SERVICIOS DE MANTENIMIENTO,BUQUE,SERVICIOS DE MANTENIMIENTO,PROV_191,NAVE_001,,,,,No evaluable
2025-05-01,PS00006,1.0,,,,288.0,BUQUE,SERVICIOS DE MANTENIMIENTO,BUQUE,SERVICIOS DE MANTENIMIENTO,PROV_191,NAVE_001,,,,,No evaluable
2025-06-01,PS00006,1.0,,,,580.5,BUQUE,SERVICIOS DE MANTENIMIENTO,BUQUE,SERVICIOS DE MANTENIMIENTO,PROV_094,NAVE_001,,,,,No evaluable
2025-06-01,PS00006,1.0,,,,580.5,BUQUE,SERVICIOS DE MANTENIMIENTO,BUQUE,SERVICIOS DE MANTENIMIENTO,PROV_094,NAVE_001,,,,,No evaluable
2025-06-01,PS00006,1.0,,,,833.34,BUQUE,SERVICIOS DE MANTENIMIENTO,BUQUE,SERVICIOS DE MANTENIMIENTO,PROV_094,NAVE_001,,,,,No evaluable
2025-06-01,PS00006,1.0,,,,833.34,BUQUE,SERVICIOS DE MANTENIMIENTO,BUQUE,SERVICIOS DE MANTENIMIENTO,PROV_094,NAVE_001,,,,,No evaluable
2025-06-01,PS00006,1.0,,,,1799.85,BUQUE,SERVICIOS DE MANTENIMIENTO,BUQUE,SERVICIOS DE MANTENIMIENTO,PROV_094,NAVE_001,,,,,No evaluable
2025-06-01,PS00006,1.0,,,,1799.85,BUQUE,SERVICIOS DE MANTENIMIENTO,BUQUE,SERVICIOS DE MANTENIMIENTO,PROV_094,NAVE_001,,,,,No evaluable
2025-06-01,PS00006,1.0,,,,2000.0,BUQUE,SERVICIOS DE MANTENIMIENTO,BUQUE,SERVICIOS DE MANTENIMIENTO,PROV_129,NAVE_001,,,,,No evaluable
2025-06-01,PS00006,1.0,,,,2000.0,BUQUE,SERVICIOS DE MANTENIMIENTO,BUQUE,SERVICIOS DE MANTENIMIENTO,PROV_129,NAVE_001,,,,,No evaluable
2025-06-01,PS00006,1.0,,,,71.43,BUQUE,SERVICIOS DE MANTENIMIENTO,BUQUE,SERVICIOS DE MANTENIMIENTO,PROV_076,NAVE_012,,,,,No evaluable
2025-06-01,PS00006,1.0,,,,71.43,BUQUE,SERVICIOS DE MANTENIMIENTO,BUQUE,SERVICIOS DE MANTENIMIENTO,PROV_076,NAVE_012,,,,,No evaluable
2025-06-01,PS00006,1.0,,,,71.43,BUQUE,SERVICIOS DE MANTENIMIENTO,BUQUE,SERVICIOS DE MANTENIMIENTO,PROV_076,NAVE_012,,,,,No evaluable
2025-06-01,PS00006,1.0,,,,71.43,BUQUE,SERVICIOS DE MANTENIMIENTO,BUQUE,SERVICIOS DE MANTENIMIENTO,PROV_076,NAVE_012,,,,,No evaluable
2025-06-01,PS00006,1.0,,,,71.43,BUQUE,SERVICIOS DE MANTENIMIENTO,BUQUE,SERVICIOS DE MANTENIMIENTO,PROV_076,NAVE_012,,,,,No evaluable
2025-06-01,PS00006,1.0,,,,71.43,BUQUE,SERVICIOS DE MANTENIMIENTO,BUQUE,SERVICIOS DE MANTENIMIENTO,PROV_076,NAVE_012,,,,,No evaluable
2025-06-01,PS00006,1.0,,,,131.95,BUQUE,SERVICIOS DE MANTENIMIENTO,BUQUE,SERVICIOS DE MANTENIMIENTO,PROV_076,NAVE_012,,,,,No evaluable
2025-06-01,PS00006,1.0,,,,131.95,BUQUE,SERVICIOS DE MANTENIMIENTO,BUQUE,SERVICIOS DE MANTENIMIENTO,PROV_076,NAVE_012,,,,,No evaluable
2025-06-01,PS00006,1.0,,,,131.95,BUQUE,SERVICIOS DE MANTENIMIENTO,BUQUE,SERVICIOS DE MANTENIMIENTO,PROV_076,NAVE_012,,,,,No evaluable
2025-06-01,PS00006,1.0,,,,2600.0,BUQUE,SERVICIOS DE MANTENIMIENTO,BUQUE,SERVICIOS DE MANTENIMIENTO,PROV_162,NAVE_001,,,,,No evaluable
2025-06-01,PS00006,1.0,,,,2600.0,BUQUE,SERVICIOS DE MANTENIMIENTO,BUQUE,SERVICIOS DE MANTENIMIENTO,PROV_162,NAVE_001,,,,,No evaluable
2025-06-01,PS00006,1.0,,,,25000.0,BUQUE,SERVICIOS DE MANTENIMIENTO,BUQUE,SERVICIOS DE MANTENIMIENTO,PROV_033,NAVE_001,,,,,No evaluable
2025-06-01,PS00006,1.0,,,,25000.0,BUQUE,SERVICIOS DE MANTENIMIENTO,BUQUE,SERVICIOS DE MANTENIMIENTO,PROV_033,NAVE_001,,,,,No evaluable
2025-06-01,PS00006,1.0,,,,2250.0,REMOLCADOR,SERVICIOS DE MANTENIMIENTO,REMOLCADOR,SERVICIOS DE MANTENIMIENTO,PROV_009,NAVE_014,,,,,No evaluable
2025-06-01,PS00006,1.0,,,,2250.0,REMOLCADOR,SERVICIOS DE MANTENIMIENTO,REMOLCADOR,SERVICIOS DE MANTENIMIENTO,PROV_009,NAVE_014,,,,,No evaluable
2025-06-01,PS00006,1.0,,,,385.69,BUQUE,SERVICIOS DE MANTENIMIENTO,BUQUE,SERVICIOS DE MANTENIMIENTO,PROV_257,NAVE_001,,,,,No evaluable
2025-06-01,PS00006,1.0,,,,385.69,BUQUE,SERVICIOS DE MANTENIMIENTO,BUQUE,SERVICIOS DE MANTENIMIENTO,PROV_257,NAVE_001,,,,,No evaluable
2025-06-01,PS00006,1.0,,,,6000.0,BUQUE,SERVICIOS DE MANTENIMIENTO,BUQUE,SERVICIOS DE MANTENIMIENTO,PROV_106,NAVE_001,,,,,No evaluable
2025-06-01,PS00006,1.0,,,,6000.0,BUQUE,SERVICIOS DE MANTENIMIENTO,BUQUE,SERVICIOS DE MANTENIMIENTO,PROV_106,NAVE_001,,,,,No evaluable
2025-06-01,305730,1.0,,,,2905.64,BUQUE,REPUESTOS MECANICOS,BUQUE,REPUESTOS MECANICOS,PROV_012,NAVE_001,,,,,No evaluable
2025-06-01,305730,1.0,,,,2905.64,BUQUE,REPUESTOS MECANICOS,BUQUE,REPUESTOS MECANICOS,PROV_012,NAVE_001,,,,,No evaluable
2025-06-01,305732,1.0,,,,63.41,BUQUE,REPUESTOS MECANICOS,BUQUE,REPUESTOS MECANICOS,PROV_012,NAVE_001,,,,,No evaluable
2025-06-01,305732,1.0,,,,63.41,BUQUE,REPUESTOS MECANICOS,BUQUE,REPUESTOS MECANICOS,PROV_012,NAVE_001,,,,,No evaluable
2025-06-01,305733,1.0,,,,57.99,BUQUE,REPUESTOS MECANICOS,BUQUE,REPUESTOS MECANICOS,PROV_012,NAVE_001,,,,,No evaluable
2025-06-01,305733,1.0,,,,57.99,BUQUE,REPUESTOS MECANICOS,BUQUE,REPUESTOS MECANICOS,PROV_012,NAVE_001,,,,,No evaluable
2025-07-01,PS00006,1.0,,,,117.08,BUQUE,SERVICIOS DE MANTENIMIENTO,BUQUE,SERVICIOS DE MANTENIMIENTO,PROV_076,NAVE_008,,,,,No evaluable
2025-07-01,PS00006,1.0,,,,117.08,BUQUE,SERVICIOS DE MANTENIMIENTO,BUQUE,SERVICIOS DE MANTENIMIENTO,PROV_076,NAVE_008,,,,,No evaluable
2025-07-01,PS00006,1.0,,,,72125.93,BUQUE,SERVICIOS DE MANTENIMIENTO,BUQUE,SERVICIOS DE MANTENIMIENTO,PROV_003,NAVE_001,,,,,No evaluable
2025-07-01,PS00006,1.0,,,,72125.93,BUQUE,SERVICIOS DE MANTENIMIENTO,BUQUE,SERVICIOS DE MANTENIMIENTO,PROV_003,NAVE_001,,,,,No evaluable
2025-08-01,PS00006,1.0,,,,360.0,BUQUE,SERVICIOS DE MANTENIMIENTO,BUQUE,SERVICIOS DE MANTENIMIENTO,PROV_166,NAVE_001,,,,,No evaluable
2025-08-01,PS00006,1.0,,,,360.0,BUQUE,SERVICIOS DE MANTENIMIENTO,BUQUE,SERVICIOS DE MANTENIMIENTO,PROV_166,NAVE_001,,,,,No evaluable
2025-08-01,PS00006,1.0,,,,2450.0,BUQUE,SERVICIOS DE MANTENIMIENTO,BUQUE,SERVICIOS DE MANTENIMIENTO,PROV_006,NAVE_008,,,,,No evaluable
2025-08-01,PS00006,1.0,,,,2450.0,BUQUE,SERVICIOS DE MANTENIMIENTO,BUQUE,SERVICIOS DE MANTENIMIENTO,PROV_006,NAVE_008,,,,,No evaluable
2025-08-01,PS00006,1.0,,,,2400.0,BUQUE,SERVICIOS DE MANTENIMIENTO,BUQUE,SERVICIOS DE MANTENIMIENTO,PROV_006,NAVE_008,,,,,No evaluable
2025-08-01,PS00006,1.0,,,,2400.0,BUQUE,SERVICIOS DE MANTENIMIENTO,BUQUE,SERVICIOS DE MANTENIMIENTO,PROV_006,NAVE_008,,,,,No evaluable
2025-08-01,PS00006,1.0,,,,1225.0,BUQUE,SERVICIOS DE MANTENIMIENTO,BUQUE,SERVICIOS DE MANTENIMIENTO,PROV_006,NAVE_008,,,,,No evaluable
2025-08-01,PS00006,1.0,,,,1225.0,BUQUE,SERVICIOS DE MANTENIMIENTO,BUQUE,SERVICIOS DE MANTENIMIENTO,PROV_006,NAVE_008,,,,,No evaluable
2025-08-01,PS00006,1.0,,,,1225.0,BUQUE,SERVICIOS DE MANTENIMIENTO,BUQUE,SERVICIOS DE MANTENIMIENTO,PROV_006,NAVE_008,,,,,No evaluable
2025-08-01,PS00006,1.0,,,,1225.0,BUQUE,SERVICIOS DE MANTENIMIENTO,BUQUE,SERVICIOS DE MANTENIMIENTO,PROV_006,NAVE_008,,,,,No evaluable
2025-08-01,PS00006,1.0,,,,14850.0,BUQUE,SERVICIOS DE MANTENIMIENTO,BUQUE,SERVICIOS DE MANTENIMIENTO,PROV_038,NAVE_012,,,,,No evaluable
2025-08-01,PS00006,1.0,,,,14850.0,BUQUE,SERVICIOS DE MANTENIMIENTO,BUQUE,SERVICIOS DE MANTENIMIENTO,PROV_038,NAVE_012,,,,,No evaluable
2025-08-01,PS00006,1.0,,,,6000.0,BUQUE,SERVICIOS DE MANTENIMIENTO,BUQUE,SERVICIOS DE MANTENIMIENTO,PROV_033,NAVE_001,,,,,No evaluable
2025-08-01,PS00006,1.0,,,,6000.0,BUQUE,SERVICIOS DE MANTENIMIENTO,BUQUE,SERVICIOS DE MANTENIMIENTO,PROV_033,NAVE_001,,,,,No evaluable
2025-08-01,PS00006,1.0,,,,2000.0,BUQUE,SERVICIOS DE MANTENIMIENTO,BUQUE,SERVICIOS DE MANTENIMIENTO,PROV_158,NAVE_008,,,,,No evaluable
2025-08-01,PS00006,1.0,,,,2000.0,BUQUE,SERVICIOS DE MANTENIMIENTO,BUQUE,SERVICIOS DE MANTENIMIENTO,PROV_158,NAVE_008,,,,,No evaluable
2025-08-01,PS00006,1.0,,,,2000.0,BUQUE,SERVICIOS DE MANTENIMIENTO,BUQUE,SERVICIOS DE MANTENIMIENTO,PROV_158,NAVE_008,,,,,No evaluable
2025-08-01,PS00006,1.0,,,,265.78,BUQUE,SERVICIOS DE MANTENIMIENTO,BUQUE,SERVICIOS DE MANTENIMIENTO,PROV_125,NAVE_008,,,,,No evaluable
2025-08-01,PS00006,1.0,,,,265.78,BUQUE,SERVICIOS DE MANTENIMIENTO,BUQUE,SERVICIOS DE MANTENIMIENTO,PROV_125,NAVE_008,,,,,No evaluable
2025-08-01,PS00006,1.0,,,,630.0,BUQUE,SERVICIOS DE MANTENIMIENTO,BUQUE,SERVICIOS DE MANTENIMIENTO,PROV_257,NAVE_012,,,,,No evaluable
2025-08-01,PS00006,1.0,,,,630.0,BUQUE,SERVICIOS DE MANTENIMIENTO,BUQUE,SERVICIOS DE MANTENIMIENTO,PROV_257,NAVE_012,,,,,No evaluable
2025-08-01,301122,5.0,,,,23.18,BUQUE,PINTURAS,BUQUE,PINTURAS,PROV_012,NAVE_002,,,,,No evaluable
2025-08-01,301122,5.0,,,,23.18,BUQUE,PINTURAS,BUQUE,PINTURAS,PROV_012,NAVE_002,,,,,No evaluable
2025-08-01,301234,10.0,,,,4.69,BUQUE,FERRETERIA,BUQUE,FERRETERIA,PROV_012,NAVE_012,,,,,No evaluable
2025-08-01,301234,10.0,,,,4.69,BUQUE,FERRETERIA,BUQUE,FERRETERIA,PROV_012,NAVE_012,,,,,No evaluable
2025-08-01,305125,1.0,,,,905.35,BUQUE,REPUESTOS MECANICOS,BUQUE,REPUESTOS MECANICOS,PROV_012,NAVE_007,,,,,No evaluable
2025-08-01,305125,1.0,,,,905.35,BUQUE,REPUESTOS MECANICOS,BUQUE,REPUESTOS MECANICOS,PROV_012,NAVE_007,,,,,No evaluable
2025-08-01,305125,1.0,,,,905.35,BUQUE,REPUESTOS MECANICOS,BUQUE,REPUESTOS MECANICOS,PROV_012,NAVE_007,,,,,No evaluable
2025-08-01,305125,1.0,,,,905.35,BUQUE,REPUESTOS MECANICOS,BUQUE,REPUESTOS MECANICOS,PROV_012,NAVE_007,,,,,No evaluable
2025-08-01,305639,3.0,,,,63.84,BUQUE,REPUESTOS MECANICOS,BUQUE,REPUESTOS MECANICOS,PROV_012,NAVE_001,,,,,No evaluable
2025-08-01,305639,3.0,,,,63.84,BUQUE,REPUESTOS MECANICOS,BUQUE,REPUESTOS MECANICOS,PROV_012,NAVE_001,,,,,No evaluable
2025-08-01,305676,8.0,,,,44.9,BUQUE,REPUESTOS MECANICOS,BUQUE,REPUESTOS MECANICOS,PROV_012,NAVE_001,,,,,No evaluable
2025-08-01,305676,8.0,,,,44.9,BUQUE,REPUESTOS MECANICOS,BUQUE,REPUESTOS MECANICOS,PROV_012,NAVE_001,,,,,No evaluable
2025-08-01,305737,4.0,,,,2737.58,BUQUE,REPUESTOS MECANICOS,BUQUE,REPUESTOS MECANICOS,PROV_012,NAVE_001,,,,,No evaluable
2025-08-01,305737,4.0,,,,2737.58,BUQUE,REPUESTOS MECANICOS,BUQUE,REPUESTOS MECANICOS,PROV_012,NAVE_001,,,,,No evaluable
2025-08-01,305745,3.0,,,,1414.88,BUQUE,REPUESTOS MECANICOS,BUQUE,REPUESTOS MECANICOS,PROV_012,NAVE_001,,,,,No evaluable
2025-08-01,305745,3.0,,,,1414.88,BUQUE,REPUESTOS MECANICOS,BUQUE,REPUESTOS MECANICOS,PROV_012,NAVE_001,,,,,No evaluable
2025-08-01,305853,7.0,,,,6.78,BUQUE,REPUESTOS MECANICOS,BUQUE,REPUESTOS MECANICOS,PROV_012,NAVE_001,,,,,No evaluable
2025-08-01,305853,7.0,,,,6.78,BUQUE,REPUESTOS MECANICOS,BUQUE,REPUESTOS MECANICOS,PROV_012,NAVE_001,,,,,No evaluable
2025-08-01,305853,24.0,,,,23.25,BUQUE,REPUESTOS MECANICOS,BUQUE,REPUESTOS MECANICOS,PROV_012,NAVE_001,,,,,No evaluable
2025-08-01,305853,24.0,,,,23.25,BUQUE,REPUESTOS MECANICOS,BUQUE,REPUESTOS MECANICOS,PROV_012,NAVE_001,,,,,No evaluable
2025-08-01,305879,6.0,,,,1531.52,BUQUE,REPUESTOS MECANICOS,BUQUE,REPUESTOS MECANICOS,PROV_012,NAVE_001,,,,,No evaluable
2025-08-01,305879,6.0,,,,1531.52,BUQUE,REPUESTOS MECANICOS,BUQUE,REPUESTOS MECANICOS,PROV_012,NAVE_001,,,,,No evaluable
2025-08-01,306176,3.0,,,,54.38,BUQUE,REPUESTOS MECANICOS,BUQUE,REPUESTOS MECANICOS,PROV_012,NAVE_001,,,,,No evaluable
2025-08-01,306176,3.0,,,,54.38,BUQUE,REPUESTOS MECANICOS,BUQUE,REPUESTOS MECANICOS,PROV_012,NAVE_001,,,,,No evaluable
2025-08-01,306177,3.0,,,,54.38,BUQUE,REPUESTOS MECANICOS,BUQUE,REPUESTOS MECANICOS,PROV_012,NAVE_001,,,,,No evaluable
2025-08-01,306177,3.0,,,,54.38,BUQUE,REPUESTOS MECANICOS,BUQUE,REPUESTOS MECANICOS,PROV_012,NAVE_001,,,,,No evaluable
2025-08-01,306181,9.0,,,,48.16,BUQUE,REPUESTOS MECANICOS,BUQUE,REPUESTOS MECANICOS,PROV_012,NAVE_001,,,,,No evaluable
2025-08-01,306181,9.0,,,,48.16,BUQUE,REPUESTOS MECANICOS,BUQUE,REPUESTOS MECANICOS,PROV_012,NAVE_001,,,,,No evaluable
2025-08-01,306182,12.0,,,,477.2,BUQUE,REPUESTOS MECANICOS,BUQUE,REPUESTOS MECANICOS,PROV_012,NAVE_001,,,,,No evaluable
2025-08-01,306182,12.0,,,,477.2,BUQUE,REPUESTOS MECANICOS,BUQUE,REPUESTOS MECANICOS,PROV_012,NAVE_001,,,,,No evaluable
2025-08-01,306183,6.0,,,,1479.96,BUQUE,REPUESTOS MECANICOS,BUQUE,REPUESTOS MECANICOS,PROV_012,NAVE_001,,,,,No evaluable
2025-08-01,306183,6.0,,,,1479.96,BUQUE,REPUESTOS MECANICOS,BUQUE,REPUESTOS MECANICOS,PROV_012,NAVE_001,,,,,No evaluable
2025-08-01,306184,6.0,,,,434.98,BUQUE,REPUESTOS MECANICOS,BUQUE,REPUESTOS MECANICOS,PROV_012,NAVE_001,,,,,No evaluable
2025-08-01,306184,6.0,,,,434.98,BUQUE,REPUESTOS MECANICOS,BUQUE,REPUESTOS MECANICOS,PROV_012,NAVE_001,,,,,No evaluable
2025-08-01,306185,12.0,,,,113.86,BUQUE,REPUESTOS MECANICOS,BUQUE,REPUESTOS MECANICOS,PROV_012,NAVE_001,,,,,No evaluable
2025-08-01,306185,12.0,,,,113.86,BUQUE,REPUESTOS MECANICOS,BUQUE,REPUESTOS MECANICOS,PROV_012,NAVE_001,,,,,No evaluable
2025-08-01,306188,8.0,,,,470.74,BUQUE,REPUESTOS MECANICOS,BUQUE,REPUESTOS MECANICOS,PROV_012,NAVE_001,,,,,No evaluable
2025-08-01,306188,8.0,,,,470.74,BUQUE,REPUESTOS MECANICOS,BUQUE,REPUESTOS MECANICOS,PROV_012,NAVE_001,,,,,No evaluable
2025-08-01,306189,24.0,,,,128.43,BUQUE,REPUESTOS MECANICOS,BUQUE,REPUESTOS MECANICOS,PROV_012,NAVE_001,,,,,No evaluable
2025-08-01,306189,24.0,,,,128.43,BUQUE,REPUESTOS MECANICOS,BUQUE,REPUESTOS MECANICOS,PROV_012,NAVE_001,,,,,No evaluable
2025-08-01,306195,3.0,,,,326.44,BUQUE,REPUESTOS MECANICOS,BUQUE,REPUESTOS MECANICOS,PROV_012,NAVE_001,,,,,No evaluable
2025-08-01,306195,3.0,,,,326.44,BUQUE,REPUESTOS MECANICOS,BUQUE,REPUESTOS MECANICOS,PROV_012,NAVE_001,,,,,No evaluable
2025-08-01,306196,2.0,,,,217.63,BUQUE,REPUESTOS MECANICOS,BUQUE,REPUESTOS MECANICOS,PROV_012,NAVE_001,,,,,No evaluable
2025-08-01,306196,2.0,,,,217.63,BUQUE,REPUESTOS MECANICOS,BUQUE,REPUESTOS MECANICOS,PROV_012,NAVE_001,,,,,No evaluable
2025-08-01,306198,6.0,,,,112.53,BUQUE,REPUESTOS MECANICOS,BUQUE,REPUESTOS MECANICOS,PROV_012,NAVE_001,,,,,No evaluable
2025-08-01,306198,6.0,,,,112.53,BUQUE,REPUESTOS MECANICOS,BUQUE,REPUESTOS MECANICOS,PROV_012,NAVE_001,,,,,No evaluable
2025-08-01,306200,3.0,,,,16.05,BUQUE,REPUESTOS MECANICOS,BUQUE,REPUESTOS MECANICOS,PROV_012,NAVE_001,,,,,No evaluable
2025-08-01,306200,3.0,,,,16.05,BUQUE,REPUESTOS MECANICOS,BUQUE,REPUESTOS MECANICOS,PROV_012,NAVE_001,,,,,No evaluable
2025-08-01,306203,2.0,,,,10.46,BUQUE,REPUESTOS MECANICOS,BUQUE,REPUESTOS MECANICOS,PROV_012,NAVE_001,,,,,No evaluable
2025-08-01,306203,2.0,,,,10.46,BUQUE,REPUESTOS MECANICOS,BUQUE,REPUESTOS MECANICOS,PROV_012,NAVE_001,,,,,No evaluable
2025-08-01,306204,2.0,,,,10.7,BUQUE,REPUESTOS MECANICOS,BUQUE,REPUESTOS MECANICOS,PROV_012,NAVE_001,,,,,No evaluable
2025-08-01,306204,2.0,,,,10.7,BUQUE,REPUESTOS MECANICOS,BUQUE,REPUESTOS MECANICOS,PROV_012,NAVE_001,,,,,No evaluable
2025-08-01,306217,6.0,,,,31.38,BUQUE,REPUESTOS MECANICOS,BUQUE,REPUESTOS MECANICOS,PROV_012,NAVE_001,,,,,No evaluable
2025-08-01,306217,6.0,,,,31.38,BUQUE,REPUESTOS MECANICOS,BUQUE,REPUESTOS MECANICOS,PROV_012,NAVE_001,,,,,No evaluable
2025-08-01,306221,1.0,,,,5.35,BUQUE,REPUESTOS MECANICOS,BUQUE,REPUESTOS MECANICOS,PROV_012,NAVE_001,,,,,No evaluable
2025-08-01,306221,1.0,,,,5.35,BUQUE,REPUESTOS MECANICOS,BUQUE,REPUESTOS MECANICOS,PROV_012,NAVE_001,,,,,No evaluable
2025-08-01,306222,6.0,,,,13446.8,BUQUE,REPUESTOS MECANICOS,BUQUE,REPUESTOS MECANICOS,PROV_012,NAVE_001,,,,,No evaluable
2025-08-01,306222,6.0,,,,13446.8,BUQUE,REPUESTOS MECANICOS,BUQUE,REPUESTOS MECANICOS,PROV_012,NAVE_001,,,,,No evaluable
2025-08-01,306225,6.0,,,,247.09,BUQUE,REPUESTOS MECANICOS,BUQUE,REPUESTOS MECANICOS,PROV_012,NAVE_001,,,,,No evaluable
2025-08-01,306225,6.0,,,,247.09,BUQUE,REPUESTOS MECANICOS,BUQUE,REPUESTOS MECANICOS,PROV_012,NAVE_001,,,,,No evaluable
2025-08-01,306236,1.0,,,,25.27,BUQUE,REPUESTOS MECANICOS,BUQUE,REPUESTOS MECANICOS,PROV_012,NAVE_001,,,,,No evaluable
2025-08-01,306236,1.0,,,,25.27,BUQUE,REPUESTOS MECANICOS,BUQUE,REPUESTOS MECANICOS,PROV_012,NAVE_001,,,,,No evaluable
2025-08-01,306260,1.0,,,,12.62,BUQUE,REPUESTOS MECANICOS,BUQUE,REPUESTOS MECANICOS,PROV_012,NAVE_001,,,,,No evaluable
2025-08-01,306260,1.0,,,,12.62,BUQUE,REPUESTOS MECANICOS,BUQUE,REPUESTOS MECANICOS,PROV_012,NAVE_001,,,,,No evaluable
2025-08-01,306261,1.0,,,,12.62,BUQUE,REPUESTOS MECANICOS,BUQUE,REPUESTOS MECANICOS,PROV_012,NAVE_001,,,,,No evaluable
2025-08-01,306261,1.0,,,,12.62,BUQUE,REPUESTOS MECANICOS,BUQUE,REPUESTOS MECANICOS,PROV_012,NAVE_001,,,,,No evaluable
2025-08-01,306262,1.0,,,,9.49,BUQUE,REPUESTOS MECANICOS,BUQUE,REPUESTOS MECANICOS,PROV_012,NAVE_001,,,,,No evaluable
2025-08-01,306262,1.0,,,,9.49,BUQUE,REPUESTOS MECANICOS,BUQUE,REPUESTOS MECANICOS,PROV_012,NAVE_001,,,,,No evaluable
2025-08-01,306263,1.0,,,,12.0,BUQUE,REPUESTOS MECANICOS,BUQUE,REPUESTOS MECANICOS,PROV_012,NAVE_001,,,,,No evaluable
2025-08-01,306263,1.0,,,,12.0,BUQUE,REPUESTOS MECANICOS,BUQUE,REPUESTOS MECANICOS,PROV_012,NAVE_001,,,,,No evaluable
2025-08-01,306264,1.0,,,,51.08,BUQUE,REPUESTOS MECANICOS,BUQUE,REPUESTOS MECANICOS,PROV_012,NAVE_001,,,,,No evaluable
2025-08-01,306264,1.0,,,,51.08,BUQUE,REPUESTOS MECANICOS,BUQUE,REPUESTOS MECANICOS,PROV_012,NAVE_001,,,,,No evaluable
2025-08-01,306272,1.0,,,,11.62,BUQUE,REPUESTOS MECANICOS,BUQUE,REPUESTOS MECANICOS,PROV_012,NAVE_001,,,,,No evaluable
2025-08-01,306272,1.0,,,,11.62,BUQUE,REPUESTOS MECANICOS,BUQUE,REPUESTOS MECANICOS,PROV_012,NAVE_001,,,,,No evaluable
2025-08-01,306277,12.0,,,,62.76,BUQUE,REPUESTOS MECANICOS,BUQUE,REPUESTOS MECANICOS,PROV_012,NAVE_001,,,,,No evaluable
2025-08-01,306277,12.0,,,,62.76,BUQUE,REPUESTOS MECANICOS,BUQUE,REPUESTOS MECANICOS,PROV_012,NAVE_001,,,,,No evaluable
2025-08-01,306282,1.0,,,,9.49,BUQUE,REPUESTOS MECANICOS,BUQUE,REPUESTOS MECANICOS,PROV_012,NAVE_001,,,,,No evaluable
2025-08-01,306282,1.0,,,,9.49,BUQUE,REPUESTOS MECANICOS,BUQUE,REPUESTOS MECANICOS,PROV_012,NAVE_001,,,,,No evaluable
2025-08-01,306283,1.0,,,,12.0,BUQUE,REPUESTOS MECANICOS,BUQUE,REPUESTOS MECANICOS,PROV_012,NAVE_001,,,,,No evaluable
2025-08-01,306283,1.0,,,,12.0,BUQUE,REPUESTOS MECANICOS,BUQUE,REPUESTOS MECANICOS,PROV_012,NAVE_001,,,,,No evaluable
2025-08-01,306285,1.0,,,,51.08,BUQUE,REPUESTOS MECANICOS,BUQUE,REPUESTOS MECANICOS,PROV_012,NAVE_001,,,,,No evaluable
2025-08-01,306285,1.0,,,,51.08,BUQUE,REPUESTOS MECANICOS,BUQUE,REPUESTOS MECANICOS,PROV_012,NAVE_001,,,,,No evaluable
2025-08-01,306291,1.0,,,,25.9,BUQUE,REPUESTOS MECANICOS,BUQUE,REPUESTOS MECANICOS,PROV_012,NAVE_001,,,,,No evaluable
2025-08-01,306291,1.0,,,,25.9,BUQUE,REPUESTOS MECANICOS,BUQUE,REPUESTOS MECANICOS,PROV_012,NAVE_001,,,,,No evaluable
2025-08-01,306298,1.0,,,,179.58,BUQUE,REPUESTOS MECANICOS,BUQUE,REPUESTOS MECANICOS,PROV_012,NAVE_001,,,,,No evaluable
2025-08-01,306298,1.0,,,,179.58,BUQUE,REPUESTOS MECANICOS,BUQUE,REPUESTOS MECANICOS,PROV_012,NAVE_001,,,,,No evaluable
2025-08-01,306299,1.0,,,,188.35,BUQUE,REPUESTOS MECANICOS,BUQUE,REPUESTOS MECANICOS,PROV_012,NAVE_001,,,,,No evaluable
2025-08-01,306299,1.0,,,,188.35,BUQUE,REPUESTOS MECANICOS,BUQUE,REPUESTOS MECANICOS,PROV_012,NAVE_001,,,,,No evaluable
2025-08-01,306299,1.0,,,,188.35,BUQUE,REPUESTOS MECANICOS,BUQUE,REPUESTOS MECANICOS,PROV_012,NAVE_001,,,,,No evaluable
2025-08-01,306299,1.0,,,,188.35,BUQUE,REPUESTOS MECANICOS,BUQUE,REPUESTOS MECANICOS,PROV_012,NAVE_001,,,,,No evaluable
2025-08-01,306301,1.0,,,,112.83,BUQUE,REPUESTOS MECANICOS,BUQUE,REPUESTOS MECANICOS,PROV_012,NAVE_001,,,,,No evaluable
2025-08-01,306301,1.0,,,,112.83,BUQUE,REPUESTOS MECANICOS,BUQUE,REPUESTOS MECANICOS,PROV_012,NAVE_001,,,,,No evaluable
2025-08-01,306303,1.0,,,,179.58,BUQUE,REPUESTOS MECANICOS,BUQUE,REPUESTOS MECANICOS,PROV_012,NAVE_001,,,,,No evaluable
2025-08-01,306303,1.0,,,,179.58,BUQUE,REPUESTOS MECANICOS,BUQUE,REPUESTOS MECANICOS,PROV_012,NAVE_001,,,,,No evaluable
2025-08-01,306304,1.0,,,,188.35,BUQUE,REPUESTOS MECANICOS,BUQUE,REPUESTOS MECANICOS,PROV_012,NAVE_001,,,,,No evaluable
2025-08-01,306304,1.0,,,,188.35,BUQUE,REPUESTOS MECANICOS,BUQUE,REPUESTOS MECANICOS,PROV_012,NAVE_001,,,,,No evaluable
2025-08-01,306423,9.0,,,,236.21,BUQUE,REPUESTOS MECANICOS,BUQUE,REPUESTOS MECANICOS,PROV_012,NAVE_001,,,,,No evaluable
2025-08-01,306423,9.0,,,,236.21,BUQUE,REPUESTOS MECANICOS,BUQUE,REPUESTOS MECANICOS,PROV_012,NAVE_001,,,,,No evaluable
2025-08-01,306424,6.0,,,,33.68,BUQUE,REPUESTOS MECANICOS,BUQUE,REPUESTOS MECANICOS,PROV_012,NAVE_001,,,,,No evaluable
2025-08-01,306424,6.0,,,,33.68,BUQUE,REPUESTOS MECANICOS,BUQUE,REPUESTOS MECANICOS,PROV_012,NAVE_001,,,,,No evaluable
2025-09-01,PS00006,1.0,,,,220.0,BUQUE,SERVICIOS DE MANTENIMIENTO,BUQUE,SERVICIOS DE MANTENIMIENTO,PROV_166,NAVE_007,,,,,No evaluable
2025-09-01,PS00006,1.0,,,,220.0,BUQUE,SERVICIOS DE MANTENIMIENTO,BUQUE,SERVICIOS DE MANTENIMIENTO,PROV_166,NAVE_007,,,,,No evaluable
2025-09-01,PS00006,1.0,,,,375.0,BUQUE,SERVICIOS DE MANTENIMIENTO,BUQUE,SERVICIOS DE MANTENIMIENTO,PROV_257,NAVE_012,,,,,No evaluable
2025-09-01,PS00006,1.0,,,,375.0,BUQUE,SERVICIOS DE MANTENIMIENTO,BUQUE,SERVICIOS DE MANTENIMIENTO,PROV_257,NAVE_012,,,,,No evaluable
2025-09-01,304117,3.0,,,,20.7,BUQUE,FERRETERIA,BUQUE,FERRETERIA,PROV_012,NAVE_012,,,,,No evaluable
2025-09-01,304117,3.0,,,,20.7,BUQUE,FERRETERIA,BUQUE,FERRETERIA,PROV_012,NAVE_012,,,,,No evaluable
2025-09-01,900339,1.0,,,,71.0,BUQUE,PINTURAS,BUQUE,PINTURAS,PROV_012,NAVE_012,,,,,No evaluable
2025-09-01,900339,1.0,,,,71.0,BUQUE,PINTURAS,BUQUE,PINTURAS,PROV_012,NAVE_012,,,,,No evaluable
2025-12-01,PS00006,1.0,,,,450.0,REMOLCADOR,SERVICIOS DE MANTENIMIENTO,REMOLCADOR,SERVICIOS DE MANTENIMIENTO,PROV_300,NAVE_006,,,,,No evaluable
2025-12-01,PS00006,1.0,,,,450.0,REMOLCADOR,SERVICIOS DE MANTENIMIENTO,REMOLCADOR,SERVICIOS DE MANTENIMIENTO,PROV_300,NAVE_006,,,,,No evaluable
2025-12-01,PS00006,1.0,,,,2670.49,REMOLCADOR,SERVICIOS DE MANTENIMIENTO,REMOLCADOR,SERVICIOS DE MANTENIMIENTO,PROV_024,NAVE_013,,,,,No evaluable
2025-12-01,PS00006,1.0,,,,2670.49,REMOLCADOR,SERVICIOS DE MANTENIMIENTO,REMOLCADOR,SERVICIOS DE MANTENIMIENTO,PROV_024,NAVE_013,,,,,No evaluable
