FechaCont,ItemCode,Quantity,PrecioUnitarioSinDescuento,DescuentoUnitario,PrecioUnitario,SubTotal,Tipo,ParteTecnica,Tipo_norm,ParteTecnica_norm,ProveedorAnonimo,NaveAnonima
2025-07-01,PS00006,1.0,,,,745508.82,BUQUE,SERVICIOS DE MANTENIMIENTO,BUQUE,SERVICIOS DE MANTENIMIENTO,PROV_001,NAVE_001
2024-08-23,PS00006,1.0,,,,579869.14,BUQUE,SERVICIOS DE MANTENIMIENTO,BUQUE,SERVICIOS DE MANTENIMIENTO,PROV_002,NAVE_002
2023-12-05,PS00006,1.0,274364.2,274364.2,274364.2,274364.2,BUQUE,SERVICIOS DE MANTENIMIENTO,BUQUE,SERVICIOS DE MANTENIMIENTO,PROV_003,NAVE_001
2023-12-01,P008018,1.0,192850.0,192850.0,192850.0,214063.5,REMOLCADOR,REPUESTOS MECANICOS,REMOLCADOR,REPUESTOS MECANICOS,PROV_004,NAVE_003
2023-12-01,PS00009,1.0,192850.0,192850.0,192850.0,208278.0,REMOLCADOR,SERVICIOS DE MANTENIMIENTO,REMOLCADOR,SERVICIOS DE MANTENIMIENTO,PROV_005,NAVE_003
2023-02-24,P007099,1.0,199750.0,199750.0,199750.0,205742.5,REMOLCADOR,REPUESTOS MECANICOS,REMOLCADOR,REPUESTOS MECANICOS,PROV_004,NAVE_004
2023-04-14,PS00006,1.0,186312.92,186312.92,186312.92,186312.92,BUQUE,SERVICIOS DE MANTENIMIENTO,BUQUE,SERVICIOS DE MANTENIMIENTO,PROV_003,NAVE_001
2024-07-10,PS00006,1.0,,,,160040.22,BUQUE,SERVICIOS DE MANTENIMIENTO,BUQUE,SERVICIOS DE MANTENIMIENTO,PROV_006,NAVE_002
2023-10-02,PS00009,1.0,147500.0,147500.0,147500.0,147500.0,REMOLCADOR,SERVICIOS DE MANTENIMIENTO,REMOLCADOR,SERVICIOS DE MANTENIMIENTO,PROV_007,NAVE_003
2025-07-01,PS00006,1.0,,,,147014.89,BUQUE,SERVICIOS DE MANTENIMIENTO,BUQUE,SERVICIOS DE MANTENIMIENTO,PROV_003,NAVE_001
2024-05-23,PS00006,1.0,,,,137352.29,REMOLCADORES,SERVICIOS DE MANTENIMIENTO,REMOLCADORES,SERVICIOS DE MANTENIMIENTO,PROV_008,NAVE_005
2023-12-08,PS00006,1.0,130476.47,130476.47,130476.47,130476.47,REMOLCADOR,SERVICIOS DE MANTENIMIENTO,REMOLCADOR,SERVICIOS DE MANTENIMIENTO,PROV_009,NAVE_004
2024-05-23,PS00006,1.0,,,,112384.04,REMOLCADORES,SERVICIOS DE MANTENIMIENTO,REMOLCADORES,SERVICIOS DE MANTENIMIENTO,PROV_008,NAVE_006
2023-02-10,P005870,1.0,110827.0,110827.0,110827.0,110827.0,BUQUE,REPUESTOS MECANICOS,BUQUE,REPUESTOS MECANICOS,PROV_010,NAVE_007
2023-08-22,P005870,1.0,110827.0,110827.0,110827.0,110827.0,BUQUE,REPUESTOS MECANICOS,BUQUE,REPUESTOS MECANICOS,PROV_010,NAVE_001
2024-09-03,PS00006,1.0,,,,109500.0,BUQUE,SERVICIOS DE MANTENIMIENTO,BUQUE,SERVICIOS DE MANTENIMIENTO,PROV_011,NAVE_002
2024-09-03,PS00006,1.0,,,,109500.0,BUQUE,SERVICIOS DE MANTENIMIENTO,BUQUE,SERVICIOS DE MANTENIMIENTO,PROV_011,NAVE_002
2024-09-03,PS00006,1.0,,,,109500.0,BUQUE,SERVICIOS DE MANTENIMIENTO,BUQUE,SERVICIOS DE MANTENIMIENTO,PROV_011,NAVE_002
2024-02-21,PS00006,1.0,,,,108414.99,REMOLCADORES,SERVICIOS DE MANTENIMIENTO,REMOLCADORES,SERVICIOS DE MANTENIMIENTO,PROV_001,NAVE_004
2024-05-29,303239,1.0,,,,106292.58,BUQUE,REPUESTOS MECANICOS,BUQUE,REPUESTOS MECANICOS,PROV_012,NAVE_008
2023-06-29,P005737,1.0,102500.0,102500.0,102500.0,102500.0,BUQUE,FERRETERIA,BUQUE,FERRETERIA,PROV_010,NAVE_002
2024-10-22,PS00006,1.0,,,,96250.0,BUQUE,SERVICIOS DE MANTENIMIENTO,BUQUE,SERVICIOS DE MANTENIMIENTO,PROV_013,NAVE_002
2024-07-03,PS00006,1.0,,,,96250.0,BUQUE,SERVICIOS DE MANTENIMIENTO,BUQUE,SERVICIOS DE MANTENIMIENTO,PROV_013,NAVE_002
2023-07-25,P008018,1.0,80000.0,80000.0,80000.0,88800.0,REMOLCADOR,REPUESTOS MECANICOS,REMOLCADOR,REPUESTOS MECANICOS,PROV_004,NAVE_003
2023-07-25,P008018,1.0,80000.0,80000.0,80000.0,88800.0,REMOLCADOR,REPUESTOS MECANICOS,REMOLCADOR,REPUESTOS MECANICOS,PROV_004,NAVE_003
2024-05-20,PS00006,1.0,,,,86059.63,REMOLCADORES,SERVICIOS DE MANTENIMIENTO,REMOLCADORES,SERVICIOS DE MANTENIMIENTO,PROV_001,NAVE_005
2023-11-13,P008187,32.0,0.0,0.0,2452.15,85530.99,REMOLCADOR,REPUESTOS MECANICOS,REMOLCADOR,REPUESTOS MECANICOS,PROV_004,NAVE_005
2023-11-13,P008178,4.0,0.0,0.0,19326.97,84265.59,REMOLCADOR,REPUESTOS MECANICOS,REMOLCADOR,REPUESTOS MECANICOS,PROV_004,NAVE_005
2024-09-20,PS00006,1.0,,,,83495.9,BUQUE,SERVICIOS DE MANTENIMIENTO,BUQUE,SERVICIOS DE MANTENIMIENTO,PROV_014,NAVE_002
2025-06-01,PS00006,1.0,,,,81863.95,REMOLCADOR,SERVICIOS DE MANTENIMIENTO,REMOLCADOR,SERVICIOS DE MANTENIMIENTO,PROV_001,NAVE_009
2023-11-13,PS00012,1.0,0.0,0.0,75060.4,81815.84,REMOLCADOR,SERVICIOS DE MANTENIMIENTO,REMOLCADOR,SERVICIOS DE MANTENIMIENTO,PROV_004,NAVE_005
2023-11-13,P008190,32.0,0.0,0.0,2340.68,81642.92,REMOLCADOR,REPUESTOS MECANICOS,REMOLCADOR,REPUESTOS MECANICOS,PROV_004,NAVE_005
2023-11-13,PS00012,1.0,0.0,0.0,73795.0,80436.55,REMOLCADOR,SERVICIOS DE MANTENIMIENTO,REMOLCADOR,SERVICIOS DE MANTENIMIENTO,PROV_004,NAVE_006
2022-12-20,P005851,1.0,80000.0,80000.0,80000.0,80000.0,BUQUE,REPUESTOS MECANICOS,BUQUE,REPUESTOS MECANICOS,PROV_015,NAVE_001
2025-07-01,PS00006,1.0,,,,72125.93,BUQUE,SERVICIOS DE MANTENIMIENTO,BUQUE,SERVICIOS DE MANTENIMIENTO,PROV_003,NAVE_001
2025-07-01,PS00006,1.0,,,,72125.93,BUQUE,SERVICIOS DE MANTENIMIENTO,BUQUE,SERVICIOS DE MANTENIMIENTO,PROV_003,NAVE_001
2024-10-09,PS00006,1.0,,,,69916.4,REMOLCADORES,SERVICIOS DE MANTENIMIENTO,REMOLCADORES,SERVICIOS DE MANTENIMIENTO,PROV_001,NAVE_006
2024-05-20,PS00006,1.0,,,,68693.88,REMOLCADORES,SERVICIOS DE MANTENIMIENTO,REMOLCADORES,SERVICIOS DE MANTENIMIENTO,PROV_001,NAVE_010
2024-09-03,PS00006,1.0,,,,65197.0,BUQUE,SERVICIOS DE MANTENIMIENTO,BUQUE,SERVICIOS DE MANTENIMIENTO,PROV_016,NAVE_002
2023-11-13,P008187,24.0,0.0,0.0,2418.76,63274.76,REMOLCADOR,REPUESTOS MECANICOS,REMOLCADOR,REPUESTOS MECANICOS,PROV_004,NAVE_006
2021-08-23,P004909,4.0,0.0,0.0,13150.0,62594.0,BUQUE,REPUESTOS MECANICOS,BUQUE,REPUESTOS MECANICOS,PROV_017,NAVE_001
2022-01-14,PS00012,1.0,0.0,0.0,61233.1,61233.1,REMOLCADOR,SERVICIOS DE MANTENIMIENTO,REMOLCADOR,SERVICIOS DE MANTENIMIENTO,PROV_009,NAVE_004
2023-11-13,P008190,24.0,0.0,0.0,2308.8585,60399.73,REMOLCADOR,REPUESTOS MECANICOS,REMOLCADOR,REPUESTOS MECANICOS,PROV_004,NAVE_006
2024-10-04,PS00006,1.0,,,,59753.18,BUQUE,SERVICIOS DE MANTENIMIENTO,BUQUE,SERVICIOS DE MANTENIMIENTO,PROV_002,NAVE_002
2022-07-22,PS00012,1.0,57320.64,57320.64,57320.64,57320.64,REMOLCADOR,SERVICIOS DE MANTENIMIENTO,REMOLCADOR,SERVICIOS DE MANTENIMIENTO,PROV_009,NAVE_009
2023-11-13,PS00006,1.0,0.0,0.0,52000.0,56680.0,REMOLCADOR,SERVICIOS DE MANTENIMIENTO,REMOLCADOR,SERVICIOS DE MANTENIMIENTO,PROV_004,NAVE_005
2022-07-22,PS00012,1.0,53207.43,53207.43,53207.43,53207.43,REMOLCADOR,SERVICIOS DE MANTENIMIENTO,REMOLCADOR,SERVICIOS DE MANTENIMIENTO,PROV_009,NAVE_009
2024-08-12,PS00006,1.0,,,,52990.7,BUQUE,SERVICIOS DE MANTENIMIENTO,BUQUE,SERVICIOS DE MANTENIMIENTO,PROV_018,NAVE_002
2021-08-23,P004909,4.0,0.0,0.0,13150.0,52600.0,BUQUE,REPUESTOS MECANICOS,BUQUE,REPUESTOS MECANICOS,PROV_017,NAVE_001
2023-11-16,P006617,1.0,0.0,0.0,49040.0,49040.0,BUQUE,REPUESTOS MECANICOS,BUQUE,REPUESTOS MECANICOS,PROV_010,NAVE_002
2023-11-24,P005757,1.0,0.0,0.0,49040.0,49040.0,BUQUE,REPUESTOS MECANICOS,BUQUE,REPUESTOS MECANICOS,PROV_010,NAVE_002
2023-09-26,P007848,2.0,0.0,0.0,22082.14,48580.71,REMOLCADOR,REPUESTOS MECANICOS,REMOLCADOR,REPUESTOS MECANICOS,PROV_004,NAVE_004
2022-07-22,PS00006,1.0,44813.0,44813.0,44813.0,44813.0,REMOLCADOR,SERVICIOS DE MANTENIMIENTO,REMOLCADOR,SERVICIOS DE MANTENIMIENTO,PROV_009,NAVE_009
2022-07-22,PS00006,1.0,44813.0,44813.0,44813.0,44813.0,REMOLCADOR,SERVICIOS DE MANTENIMIENTO,REMOLCADOR,SERVICIOS DE MANTENIMIENTO,PROV_009,NAVE_009
2023-07-06,P007262,2.0,0.0,0.0,20473.0,42993.3,REMOLCADOR,FERRETERIA,REMOLCADOR,FERRETERIA,PROV_004,NAVE_010
2023-07-02,P007958,1.0,44750.0,2499.99992,42250.00008,42250.0,REMOLCADOR,FERRETERIA,REMOLCADOR,FERRETERIA,PROV_019,NAVE_005
2024-10-21,PS00006,1.0,,,,39615.0,BUQUE,SERVICIOS DE MANTENIMIENTO,BUQUE,SERVICIOS DE MANTENIMIENTO,PROV_020,NAVE_002
2022-06-20,PS00006,1.0,0.0,0.0,35550.0,39105.0,REMOLCADOR,SERVICIOS DE MANTENIMIENTO,REMOLCADOR,SERVICIOS DE MANTENIMIENTO,PROV_021,NAVE_009
2023-11-13,P008224,4.0,0.0,0.0,8934.64,38955.03,REMOLCADOR,REPUESTOS MECANICOS,REMOLCADOR,REPUESTOS MECANICOS,PROV_004,NAVE_006
2022-10-06,P005587,1.0,38750.0,38750.0,38750.0,38750.0,BUQUE,REPUESTOS MECANICOS,BUQUE,REPUESTOS MECANICOS,PROV_022,NAVE_002
2022-12-19,P004408,1.0,37560.0,37560.0,37560.0,38686.8,REMOLCADOR,REPUESTOS MECANICOS,REMOLCADOR,REPUESTOS MECANICOS,PROV_004,NAVE_005
2021-10-22,PS00006,1.0,0.0,0.0,38507.13,38507.13,BUQUE,SERVICIOS DE MANTENIMIENTO,BUQUE,SERVICIOS DE MANTENIMIENTO,PROV_023,NAVE_002
2023-09-01,P007865,1.0,35500.0,35500.0,35500.0,35500.0,REMOLCADOR,REPUESTOS MECANICOS,REMOLCADOR,REPUESTOS MECANICOS,PROV_024,NAVE_005
2021-09-13,P005266,1.0,0.0,0.0,34700.0,34700.0,BUQUE,REPUESTOS MECANICOS,BUQUE,REPUESTOS MECANICOS,PROV_017,NAVE_007
2024-07-08,302578,10.0,,,,32770.15,BUQUE,FERRETERIA,BUQUE,FERRETERIA,PROV_012,NAVE_002
2023-11-13,PS00006,1.0,0.0,0.0,30000.0,32700.0,REMOLCADOR,SERVICIOS DE MANTENIMIENTO,REMOLCADOR,SERVICIOS DE MANTENIMIENTO,PROV_004,NAVE_006
2021-01-19,PS00006,1.0,0.0,0.0,26300.0,32349.0,REMOLCADOR,SERVICIOS DE MANTENIMIENTO,REMOLCADOR,SERVICIOS DE MANTENIMIENTO,PROV_021,NAVE_004
2021-08-06,P005220,10.0,0.0,0.0,263.03,31266.3761,BUQUE,REPUESTOS MECANICOS,BUQUE,REPUESTOS MECANICOS,PROV_025,NAVE_001
2025-03-01,PS00006,1.0,,,,31250.0,BUQUE,SERVICIOS DE MANTENIMIENTO,BUQUE,SERVICIOS DE MANTENIMIENTO,PROV_026,NAVE_001
2025-06-01,PS00006,1.0,,,,30899.78,BUQUE,SERVICIOS DE MANTENIMIENTO,BUQUE,SERVICIOS DE MANTENIMIENTO,PROV_019,NAVE_001
2023-09-20,PS00006,1.0,0.0,0.0,30052.87,30052.87,BUQUE,SERVICIOS DE MANTENIMIENTO,BUQUE,SERVICIOS DE MANTENIMIENTO,PROV_027,NAVE_007
2023-02-10,PS00006,1.0,29000.0,29000.0,29000.0,29000.0,BUQUE,SERVICIOS DE MANTENIMIENTO,BUQUE,SERVICIOS DE MANTENIMIENTO,PROV_010,NAVE_007
2023-06-29,PS00006,1.0,0.0,0.0,29000.0,29000.0,BUQUE,SERVICIOS DE MANTENIMIENTO,BUQUE,SERVICIOS DE MANTENIMIENTO,PROV_010,NAVE_002
2023-08-22,PS00006,1.0,29000.0,29000.0,29000.0,29000.0,BUQUE,SERVICIOS DE MANTENIMIENTO,BUQUE,SERVICIOS DE MANTENIMIENTO,PROV_010,NAVE_001
2025-07-01,PS00006,1.0,,,,28908.0,BUQUE,SERVICIOS DE MANTENIMIENTO,BUQUE,SERVICIOS DE MANTENIMIENTO,PROV_028,NAVE_008
2022-04-21,PS00009,1.0,28664.0,28664.0,28664.0,28664.0,BUQUE,SERVICIOS DE MANTENIMIENTO,BUQUE,SERVICIOS DE MANTENIMIENTO,PROV_029,NAVE_007
2023-09-22,PS00006,1.0,0.0,0.0,28500.0,28500.0,BUQUE,SERVICIOS DE MANTENIMIENTO,BUQUE,SERVICIOS DE MANTENIMIENTO,PROV_030,NAVE_002
2024-09-03,PS00006,1.0,,,,28000.0,BUQUE,SERVICIOS DE MANTENIMIENTO,BUQUE,SERVICIOS DE MANTENIMIENTO,PROV_031,NAVE_008
2023-12-08,PS00006,1.0,27725.45,27725.45,27725.45,27725.45,REMOLCADOR,SERVICIOS DE MANTENIMIENTO,REMOLCADOR,SERVICIOS DE MANTENIMIENTO,PROV_009,NAVE_004
2024-12-10,PS00006,1.0,,,,27158.86,BUQUE,SERVICIOS DE MANTENIMIENTO,BUQUE,SERVICIOS DE MANTENIMIENTO,PROV_013,NAVE_002
2025-02-01,PS00006,1.0,,,,26586.4,BUQUE,SERVICIOS DE MANTENIMIENTO,BUQUE,SERVICIOS DE MANTENIMIENTO,PROV_019,NAVE_002
2024-05-15,PS00006,1.0,,,,26400.0,REMOLCADORES,SERVICIOS DE MANTENIMIENTO,REMOLCADORES,SERVICIOS DE MANTENIMIENTO,PROV_032,NAVE_005
2023-05-10,P005926,640.0,0.0,0.0,41.0,26240.0,BUQUE,PINTURAS,BUQUE,PINTURAS,PROV_028,NAVE_008
2023-08-01,PS00009,1.0,25833.2,25833.2,25833.2,25833.2,BUQUE,SERVICIOS DE MANTENIMIENTO,BUQUE,SERVICIOS DE MANTENIMIENTO,PROV_029,NAVE_007
2022-07-22,PS00006,1.0,25685.39,25685.39,25685.39,25685.39,REMOLCADOR,SERVICIOS DE MANTENIMIENTO,REMOLCADOR,SERVICIOS DE MANTENIMIENTO,PROV_009,NAVE_009
2023-11-13,P007912,32.0,0.0,0.0,719.81,25106.97,REMOLCADOR,ACEITE,REMOLCADOR,ACEITE,PROV_004,NAVE_005
2025-06-01,PS00006,1.0,,,,25000.0,BUQUE,SERVICIOS DE MANTENIMIENTO,BUQUE,SERVICIOS DE MANTENIMIENTO,PROV_033,NAVE_001
2025-06-01,PS00006,1.0,,,,25000.0,BUQUE,SERVICIOS DE MANTENIMIENTO,BUQUE,SERVICIOS DE MANTENIMIENTO,PROV_033,NAVE_001
2021-03-17,PS00009,1.0,24995.0,24995.0,24995.0,24995.0,BUQUE,SERVICIOS DE MANTENIMIENTO,BUQUE,SERVICIOS DE MANTENIMIENTO,PROV_029,NAVE_002
2023-03-15,P007293,12.0,0.0,0.0,2041.91,24502.92,REMOLCADOR,FERRETERIA,REMOLCADOR,FERRETERIA,PROV_034,NAVE_010
2023-05-09,P007293,12.0,0.0,0.0,2041.91,24502.92,REMOLCADOR,FERRETERIA,REMOLCADOR,FERRETERIA,PROV_034,NAVE_010
2021-12-22,P005327,90.0,271.9,271.9,271.9,24471.0,BUQUE,FERRETERIA,BUQUE,FERRETERIA,PROV_022,NAVE_001
2023-11-13,P008188,32.0,0.0,0.0,700.32,24427.16,REMOLCADOR,REPUESTOS MECANICOS,REMOLCADOR,REPUESTOS MECANICOS,PROV_004,NAVE_005
2023-10-23,PS00006,1.0,24000.0,24000.0,24000.0,24000.0,BUQUE,SERVICIOS DE MANTENIMIENTO,BUQUE,SERVICIOS DE MANTENIMIENTO,PROV_023,NAVE_007
2024-03-14,PS00006,1.0,,,,23981.53,REMOLCADORES,SERVICIOS DE MANTENIMIENTO,REMOLCADORES,SERVICIOS DE MANTENIMIENTO,PROV_001,NAVE_004
2022-01-17,PS00006,1.0,24328.0,1216.4,23111.6,23111.6,BUQUE,SERVICIOS DE MANTENIMIENTO,BUQUE,SERVICIOS DE MANTENIMIENTO,PROV_035,NAVE_001
2024-10-29,302817,4.0,,,,22058.54,BUQUE,REPUESTOS MECANICOS,BUQUE,REPUESTOS MECANICOS,PROV_012,NAVE_007
2021-04-28,P005147,1.0,0.0,0.0,21861.88,21861.88,BUQUE,REPUESTOS MECANICOS,BUQUE,REPUESTOS MECANICOS,PROV_022,NAVE_008
2021-09-09,P004907,3.0,0.0,0.0,7270.5833,21811.7499,BUQUE,REPUESTOS MECANICOS,BUQUE,REPUESTOS MECANICOS,PROV_022,NAVE_008
2023-11-13,P008228,24.0,0.0,0.0,827.18,21639.03,REMOLCADOR,REPUESTOS MECANICOS,REMOLCADOR,REPUESTOS MECANICOS,PROV_004,NAVE_006
2022-07-22,PS00006,1.0,21572.18,21572.18,21572.18,21572.18,REMOLCADOR,SERVICIOS DE MANTENIMIENTO,REMOLCADOR,SERVICIOS DE MANTENIMIENTO,PROV_009,NAVE_009
2024-05-31,PS00006,1.0,,,,21500.0,REMOLCADORES,SERVICIOS DE MANTENIMIENTO,REMOLCADORES,SERVICIOS DE MANTENIMIENTO,PROV_036,NAVE_010
2023-10-25,PS00006,1.0,0.0,0.0,21400.0,21400.0,BUQUE,SERVICIOS DE MANTENIMIENTO,BUQUE,SERVICIOS DE MANTENIMIENTO,PROV_037,NAVE_002
2021-01-27,P004603,1.0,0.0,0.0,20905.8,20905.8,BUQUE,REPUESTOS MECANICOS,BUQUE,REPUESTOS MECANICOS,PROV_022,NAVE_002
2024-08-14,900573,548.0,,,,20824.0,BUQUE,PINTURAS,BUQUE,PINTURAS,PROV_038,NAVE_002
2024-09-20,900517,20.0,,,,20824.0,BUQUE,PINTURAS,BUQUE,PINTURAS,PROV_039,NAVE_011
2024-05-14,PS00006,1.0,,,,20672.0,BUQUE,SERVICIOS DE MANTENIMIENTO,BUQUE,SERVICIOS DE MANTENIMIENTO,PROV_002,NAVE_011
2023-12-08,PS00006,1.0,0.0,0.0,20273.67,20273.67,REMOLCADOR,SERVICIOS DE MANTENIMIENTO,REMOLCADOR,SERVICIOS DE MANTENIMIENTO,PROV_009,NAVE_004
2025-06-01,306132,2.0,,,,19962.0,BUQUE,REPUESTOS ELECTRICOS,BUQUE,REPUESTOS ELECTRICOS,PROV_012,NAVE_001
2022-07-22,PS00012,1.0,19803.75,19803.75,19803.75,19803.75,REMOLCADOR,SERVICIOS DE MANTENIMIENTO,REMOLCADOR,SERVICIOS DE MANTENIMIENTO,PROV_009,NAVE_009
2023-12-08,PS00006,1.0,0.0,0.0,19629.7,19629.7,REMOLCADOR,SERVICIOS DE MANTENIMIENTO,REMOLCADOR,SERVICIOS DE MANTENIMIENTO,PROV_009,NAVE_004
2025-08-01,306725,1.0,,,,19587.15,BUQUE,REPUESTOS MECANICOS,BUQUE,REPUESTOS MECANICOS,PROV_012,NAVE_001
2025-08-01,306725,1.0,,,,19587.14,BUQUE,REPUESTOS MECANICOS,BUQUE,REPUESTOS MECANICOS,PROV_012,NAVE_001
2024-06-27,PS00006,1.0,,,,19500.0,BUQUE,SERVICIOS DE MANTENIMIENTO,BUQUE,SERVICIOS DE MANTENIMIENTO,PROV_040,NAVE_011
2024-03-21,PS00006,1.0,,,,19500.0,REMOLCADORES,SERVICIOS DE MANTENIMIENTO,REMOLCADORES,SERVICIOS DE MANTENIMIENTO,PROV_006,NAVE_005
2023-05-08,P005950,1.0,19460.82,19460.82,19460.82,19460.82,BUQUE,REPUESTOS MECANICOS,BUQUE,REPUESTOS MECANICOS,PROV_041,NAVE_007
2023-07-18,PS00006,1.0,0.0,0.0,19000.0,19000.0,BUQUE,SERVICIOS DE MANTENIMIENTO,BUQUE,SERVICIOS DE MANTENIMIENTO,PROV_030,NAVE_001
2024-06-18,PS00006,1.0,,,,18800.0,REMOLCADORES,SERVICIOS DE MANTENIMIENTO,REMOLCADORES,SERVICIOS DE MANTENIMIENTO,PROV_042,NAVE_006
2023-07-06,P007269,12.0,0.0,0.0,1487.0,18736.2,REMOLCADOR,FERRETERIA,REMOLCADOR,FERRETERIA,PROV_004,NAVE_010
2024-02-19,PS00006,1.0,,,,18730.0,REMOLCADORES,SERVICIOS DE MANTENIMIENTO,REMOLCADORES,SERVICIOS DE MANTENIMIENTO,PROV_043,NAVE_004
2021-07-14,PS00006,1.0,18722.0,18722.0,18722.0,18722.0,BUQUE,SERVICIOS DE MANTENIMIENTO,BUQUE,SERVICIOS DE MANTENIMIENTO,PROV_023,NAVE_011
2023-11-13,P007912,24.0,0.0,0.0,711.01,18600.02,REMOLCADOR,ACEITE,REMOLCADOR,ACEITE,PROV_004,NAVE_006
2023-05-22,P005871,7.0,0.0,0.0,2650.0,18550.0,BUQUE,FERRETERIA,BUQUE,FERRETERIA,PROV_044,NAVE_008
2025-06-01,PS00006,1.0,,,,18392.0,BUQUE,SERVICIOS DE MANTENIMIENTO,BUQUE,SERVICIOS DE MANTENIMIENTO,PROV_045,NAVE_001
2021-10-18,P005282,3.0,0.0,0.0,6115.0,18345.0,BUQUE,FERRETERIA,BUQUE,FERRETERIA,PROV_046,NAVE_007
2024-09-11,PS00006,1.0,,,,18330.31,BUQUE,SERVICIOS DE MANTENIMIENTO,BUQUE,SERVICIOS DE MANTENIMIENTO,PROV_047,NAVE_002
2025-08-01,PS00006,1.0,,,,18287.5,BUQUE,SERVICIOS DE MANTENIMIENTO,BUQUE,SERVICIOS DE MANTENIMIENTO,PROV_048,NAVE_012
2022-01-14,PS00006,1.0,0.0,0.0,18113.59,18113.59,REMOLCADOR,SERVICIOS DE MANTENIMIENTO,REMOLCADOR,SERVICIOS DE MANTENIMIENTO,PROV_009,NAVE_004
2023-06-26,P007706,12.0,0.0,0.0,1369.761667,18080.85,REMOLCADOR,REPUESTOS MECANICOS,REMOLCADOR,REPUESTOS MECANICOS,PROV_004,NAVE_005
2024-05-13,PS00006,1.0,,,,18056.42,BUQUE,SERVICIOS DE MANTENIMIENTO,BUQUE,SERVICIOS DE MANTENIMIENTO,PROV_049,NAVE_008
2025-01-01,PS00006,1.0,,,,17988.48,BUQUE,SERVICIOS DE MANTENIMIENTO,BUQUE,SERVICIOS DE MANTENIMIENTO,PROV_045,NAVE_008
2024-08-07,PS00006,1.0,,,,17871.0,BUQUE,SERVICIOS DE MANTENIMIENTO,BUQUE,SERVICIOS DE MANTENIMIENTO,PROV_050,NAVE_002
2023-10-31,P005725,6.0,0.0,0.0,2942.03,17652.18,BUQUE,FERRETERIA,BUQUE,FERRETERIA,PROV_022,NAVE_007
2023-04-03,P007375,1.0,0.0,0.0,17370.41,17370.41,BUQUE,REPUESTOS MECANICOS,BUQUE,REPUESTOS MECANICOS,PROV_051,NAVE_011
2023-06-26,P007703,12.0,0.0,0.0,1311.761667,17315.25,REMOLCADOR,REPUESTOS MECANICOS,REMOLCADOR,REPUESTOS MECANICOS,PROV_004,NAVE_006
2022-11-01,P003175,7.0,0.0,0.0,2435.29,17047.03,BUQUE,REPUESTOS MECANICOS,BUQUE,REPUESTOS MECANICOS,PROV_052,NAVE_011
2023-11-20,P006633,1.0,0.0,0.0,17000.0,17000.0,BUQUE,REPUESTOS MECANICOS,BUQUE,REPUESTOS MECANICOS,PROV_053,NAVE_007
2022-09-05,P004907,3.0,0.0,0.0,5660.98,16982.94,BUQUE,REPUESTOS MECANICOS,BUQUE,REPUESTOS MECANICOS,PROV_022,NAVE_008
2024-02-20,PS00006,1.0,,,,16865.0,REMOLCADORES,SERVICIOS DE MANTENIMIENTO,REMOLCADORES,SERVICIOS DE MANTENIMIENTO,PROV_054,NAVE_005
2025-06-01,PS00006,1.0,,,,16728.5,BUQUE,SERVICIOS DE MANTENIMIENTO,BUQUE,SERVICIOS DE MANTENIMIENTO,PROV_047,NAVE_001
2023-04-27,PS00012,1.0,16700.0,-0.02004,16700.02004,16700.02,BUQUE,SERVICIOS DE MANTENIMIENTO,BUQUE,SERVICIOS DE MANTENIMIENTO,PROV_051,NAVE_011
2023-03-22,PS00012,1.0,0.0,0.0,16700.0,16700.0,BUQUE,SERVICIOS DE MANTENIMIENTO,BUQUE,SERVICIOS DE MANTENIMIENTO,PROV_051,NAVE_011
2021-06-29,P005238,2.0,0.0,0.0,8320.0,16640.0,BUQUE,REPUESTOS MECANICOS,BUQUE,REPUESTOS MECANICOS,PROV_055,NAVE_002
2023-07-21,PS00006,1.0,0.0,0.0,16640.0,16640.0,BUQUE,SERVICIOS DE MANTENIMIENTO,BUQUE,SERVICIOS DE MANTENIMIENTO,PROV_023,NAVE_008
2022-01-05,PS00006,1.0,0.0,0.0,16532.63,16532.63,REMOLCADOR,SERVICIOS DE MANTENIMIENTO,REMOLCADOR,SERVICIOS DE MANTENIMIENTO,PROV_009,NAVE_005
2021-08-23,P004908,2.0,0.0,0.0,6900.0,16422.0,BUQUE,REPUESTOS MECANICOS,BUQUE,REPUESTOS MECANICOS,PROV_017,NAVE_001
2023-04-28,P006360,1.0,0.0,0.0,16000.0,16000.0,BUQUE,REPUESTOS MECANICOS,BUQUE,REPUESTOS MECANICOS,PROV_052,NAVE_011
2024-09-18,PS00006,1.0,,,,16000.0,BUQUE,SERVICIOS DE MANTENIMIENTO,BUQUE,SERVICIOS DE MANTENIMIENTO,PROV_056,NAVE_008
2023-03-08,PS00013,1.0,0.0,0.0,15980.0,15980.0,BUQUE,SERVICIOS DE MANTENIMIENTO,BUQUE,SERVICIOS DE MANTENIMIENTO,PROV_019,NAVE_001
2021-11-05,PS00006,1.0,0.0,0.0,15900.0,15900.0,BUQUE,SERVICIOS DE MANTENIMIENTO,BUQUE,SERVICIOS DE MANTENIMIENTO,PROV_057,NAVE_008
2022-01-05,PS00006,1.0,0.0,0.0,15811.1,15811.1,REMOLCADOR,SERVICIOS DE MANTENIMIENTO,REMOLCADOR,SERVICIOS DE MANTENIMIENTO,PROV_009,NAVE_005
2022-04-07,PS00006,1.0,17496.0,1749.6,15746.4,15746.4,BUQUE,SERVICIOS DE MANTENIMIENTO,BUQUE,SERVICIOS DE MANTENIMIENTO,PROV_035,NAVE_008
2022-08-02,PS00006,1.0,0.0,0.0,15500.0,15500.0,BUQUE,SERVICIOS DE MANTENIMIENTO,BUQUE,SERVICIOS DE MANTENIMIENTO,PROV_023,NAVE_001
2025-07-01,PS00006,1.0,,,,15500.0,BUQUE,SERVICIOS DE MANTENIMIENTO,BUQUE,SERVICIOS DE MANTENIMIENTO,PROV_026,NAVE_008
2023-09-14,PS00006,1.0,14450.0,14450.0,14450.0,15461.5,REMOLCADOR,SERVICIOS DE MANTENIMIENTO,REMOLCADOR,SERVICIOS DE MANTENIMIENTO,PROV_004,NAVE_006
2023-09-14,PS00006,1.0,14450.0,14450.0,14450.0,15461.5,REMOLCADOR,SERVICIOS DE MANTENIMIENTO,REMOLCADOR,SERVICIOS DE MANTENIMIENTO,PROV_004,NAVE_005
2021-10-19,PS00012,1.0,15327.91,15327.91,15327.91,15327.91,REMOLCADOR,SERVICIOS DE MANTENIMIENTO,REMOLCADOR,SERVICIOS DE MANTENIMIENTO,PROV_009,NAVE_004
2023-07-21,P002968,145.0,0.0,0.0,105.0,15225.0,BUQUE,PINTURAS,BUQUE,PINTURAS,PROV_058,NAVE_007
2023-07-21,P002809,145.0,0.0,0.0,105.0,15225.0,BUQUE,PINTURAS,BUQUE,PINTURAS,PROV_058,NAVE_007
2025-05-01,305531,2.0,,,,15180.0,REMOLCADOR,REPUESTOS MECANICOS,REMOLCADOR,REPUESTOS MECANICOS,PROV_012,NAVE_009
2023-10-31,P005726,12.0,0.0,0.0,1260.88,15130.56,BUQUE,FERRETERIA,BUQUE,FERRETERIA,PROV_022,NAVE_007
2023-09-18,PS00013,1.0,0.0,0.0,15070.58,15070.58,BUQUE,SERVICIOS DE MANTENIMIENTO,BUQUE,SERVICIOS DE MANTENIMIENTO,PROV_019,NAVE_007
2023-09-04,PS00006,1.0,15004.0,15004.0,15004.0,15004.0,REMOLCADOR,SERVICIOS DE MANTENIMIENTO,REMOLCADOR,SERVICIOS DE MANTENIMIENTO,PROV_059,NAVE_009
2023-05-09,PS00006,1.0,15000.0,15000.0,15000.0,15000.0,BUQUE,SERVICIOS DE MANTENIMIENTO,BUQUE,SERVICIOS DE MANTENIMIENTO,PROV_060,NAVE_008
2023-05-21,PS00006,1.0,14950.0,14950.0,14950.0,14950.0,BUQUE,SERVICIOS DE MANTENIMIENTO,BUQUE,SERVICIOS DE MANTENIMIENTO,PROV_061,NAVE_008
2022-11-01,P006630,1.0,0.0,0.0,14941.18,14941.18,BUQUE,REPUESTOS MECANICOS,BUQUE,REPUESTOS MECANICOS,PROV_052,NAVE_011
2023-01-13,P005866,10.0,0.0,0.0,1492.65,14926.5,BUQUE,REPUESTOS MECANICOS,BUQUE,REPUESTOS MECANICOS,PROV_022,NAVE_007
2025-06-01,PS00006,1.0,,,,14902.5,BUQUE,SERVICIOS DE MANTENIMIENTO,BUQUE,SERVICIOS DE MANTENIMIENTO,PROV_062,NAVE_001
2021-08-06,P005221,4.0,0.0,0.0,313.0,14882.524,BUQUE,REPUESTOS MECANICOS,BUQUE,REPUESTOS MECANICOS,PROV_025,NAVE_001
2025-08-01,PS00006,1.0,,,,14850.0,BUQUE,SERVICIOS DE MANTENIMIENTO,BUQUE,SERVICIOS DE MANTENIMIENTO,PROV_038,NAVE_012
2025-08-01,PS00006,1.0,,,,14850.0,BUQUE,SERVICIOS DE MANTENIMIENTO,BUQUE,SERVICIOS DE MANTENIMIENTO,PROV_038,NAVE_012
2022-07-18,PS00006,1.0,14612.6,14612.6,14612.6,14612.6,REMOLCADOR,SERVICIOS DE MANTENIMIENTO,REMOLCADOR,SERVICIOS DE MANTENIMIENTO,PROV_059,NAVE_005
2023-11-16,P006619,1.0,0.0,0.0,14600.0,14600.0,BUQUE,REPUESTOS MECANICOS,BUQUE,REPUESTOS MECANICOS,PROV_010,NAVE_002
2023-11-24,P005759,1.0,0.0,0.0,14600.0,14600.0,BUQUE,REPUESTOS MECANICOS,BUQUE,REPUESTOS MECANICOS,PROV_010,NAVE_002
2021-04-15,P004750,1.0,14580.0,14580.0,14580.0,14580.0,BUQUE,REPUESTOS MECANICOS,BUQUE,REPUESTOS MECANICOS,PROV_017,NAVE_001
2023-02-02,PS00006,1.0,0.0,0.0,14570.0,14570.0,BUQUE,SERVICIOS DE MANTENIMIENTO,BUQUE,SERVICIOS DE MANTENIMIENTO,PROV_019,NAVE_007
2021-11-04,P002810,202.0,0.0,0.0,72.0,14544.0,BUQUE,PINTURAS,BUQUE,PINTURAS,PROV_058,NAVE_008
2022-04-20,P002968,170.0,0.0,0.0,85.0,14450.0,BUQUE,PINTURAS,BUQUE,PINTURAS,PROV_058,NAVE_001
2021-09-06,P000346,6.0,0.0,0.0,2395.0,14370.0,BUQUE,FERRETERIA,BUQUE,FERRETERIA,PROV_044,NAVE_011
2023-08-15,PS00006,1.0,0.0,0.0,14080.0,14080.0,BUQUE,SERVICIOS DE MANTENIMIENTO,BUQUE,SERVICIOS DE MANTENIMIENTO,PROV_063,NAVE_007
2023-04-11,P007360,1.0,0.0,0.0,14051.0,14051.0,REMOLCADOR,REPUESTOS MECANICOS,REMOLCADOR,REPUESTOS MECANICOS,PROV_064,NAVE_005
2023-08-16,PS00006,1.0,0.0,0.0,14000.0,14000.0,BUQUE,SERVICIOS DE MANTENIMIENTO,BUQUE,SERVICIOS DE MANTENIMIENTO,PROV_030,NAVE_007
2025-06-01,PS00006,1.0,,,,14000.0,BUQUE,SERVICIOS DE MANTENIMIENTO,BUQUE,SERVICIOS DE MANTENIMIENTO,PROV_006,NAVE_001
2021-09-30,P005263,4.0,0.0,0.0,3475.0,13900.0,BUQUE,REPUESTOS MECANICOS,BUQUE,REPUESTOS MECANICOS,PROV_017,NAVE_007
2021-10-05,P005282,3.0,0.0,0.0,4615.0,13845.0,BUQUE,FERRETERIA,BUQUE,FERRETERIA,PROV_046,NAVE_007
2022-02-08,PS00006,1.0,0.0,0.0,13819.78,13819.78,REMOLCADOR,SERVICIOS DE MANTENIMIENTO,REMOLCADOR,SERVICIOS DE MANTENIMIENTO,PROV_009,NAVE_006
2021-01-04,P005458,2.0,0.0,0.0,6900.0,13800.0,REMOLCADOR,REPUESTOS MECANICOS,REMOLCADOR,REPUESTOS MECANICOS,PROV_065,NAVE_009
2021-08-23,P004908,2.0,0.0,0.0,6900.0,13800.0,BUQUE,REPUESTOS MECANICOS,BUQUE,REPUESTOS MECANICOS,PROV_017,NAVE_001
2022-06-21,P005458,2.0,0.0,0.0,6900.0,13800.0,REMOLCADOR,REPUESTOS MECANICOS,REMOLCADOR,REPUESTOS MECANICOS,PROV_065,NAVE_009
2021-05-10,P005196,310.0,0.0,0.0,44.0,13640.0,BUQUE,PINTURAS,BUQUE,PINTURAS,PROV_058,NAVE_002
2021-07-22,P003602,1.0,0.0,0.0,13500.0,13500.0,BUQUE,REPUESTOS MECANICOS,BUQUE,REPUESTOS MECANICOS,PROV_065,NAVE_008
2025-08-01,306222,6.0,,,,13446.8,BUQUE,REPUESTOS MECANICOS,BUQUE,REPUESTOS MECANICOS,PROV_012,NAVE_001
2025-08-01,306222,6.0,,,,13446.8,BUQUE,REPUESTOS MECANICOS,BUQUE,REPUESTOS MECANICOS,PROV_012,NAVE_001
2024-07-24,PS00006,1.0,,,,13430.0,BUQUE,SERVICIOS DE MANTENIMIENTO,BUQUE,SERVICIOS DE MANTENIMIENTO,PROV_048,NAVE_002
2022-08-30,PS00006,1.0,13341.49,13341.49,13341.49,13341.49,BUQUE,SERVICIOS DE MANTENIMIENTO,BUQUE,SERVICIOS DE MANTENIMIENTO,PROV_003,NAVE_001
2025-02-01,304763,2.0,,,,13320.27,BUQUE,REPUESTOS ELECTRICOS,BUQUE,REPUESTOS ELECTRICOS,PROV_012,NAVE_002
2025-03-01,304763,2.0,,,,13320.27,BUQUE,REPUESTOS ELECTRICOS,BUQUE,REPUESTOS ELECTRICOS,PROV_012,NAVE_012
2025-07-01,400074,8.0,,,,13250.0,REMOLCADOR,SERVICIOS DE MANTENIMIENTO,REMOLCADOR,SERVICIOS DE MANTENIMIENTO,PROV_054,NAVE_009
2022-10-19,PS00006,1.0,0.0,0.0,13200.0,13200.0,BUQUE,SERVICIOS DE MANTENIMIENTO,BUQUE,SERVICIOS DE MANTENIMIENTO,PROV_066,NAVE_007
2023-05-18,PS00006,1.0,0.0,0.0,13200.0,13200.0,BUQUE,SERVICIOS DE MANTENIMIENTO,BUQUE,SERVICIOS DE MANTENIMIENTO,PROV_067,NAVE_008
2023-09-16,PS00012,1.0,13072.22,-107.609992,13179.829992,13179.83,BUQUE,SERVICIOS DE MANTENIMIENTO,BUQUE,SERVICIOS DE MANTENIMIENTO,PROV_068,NAVE_002
2021-08-23,P004909,1.0,0.0,0.0,13150.0,13150.0,BUQUE,REPUESTOS MECANICOS,BUQUE,REPUESTOS MECANICOS,PROV_017,NAVE_001
2025-06-01,PS00006,1.0,,,,13140.0,BUQUE,SERVICIOS DE MANTENIMIENTO,BUQUE,SERVICIOS DE MANTENIMIENTO,PROV_006,NAVE_001
2022-02-08,PS00006,1.0,0.0,0.0,13075.96,13075.96,REMOLCADOR,SERVICIOS DE MANTENIMIENTO,REMOLCADOR,SERVICIOS DE MANTENIMIENTO,PROV_009,NAVE_006
2022-04-14,P005545,4000.0,0.0,0.0,3.25,13000.0,BUQUE,FERRETERIA,BUQUE,FERRETERIA,PROV_069,NAVE_001
2022-09-19,P005545,4000.0,0.0,0.0,3.25,13000.0,BUQUE,FERRETERIA,BUQUE,FERRETERIA,PROV_069,NAVE_001
2025-08-01,305579,7.0,,,,12991.84,BUQUE,REPUESTOS MECANICOS,BUQUE,REPUESTOS MECANICOS,PROV_012,NAVE_008
2025-06-01,PS00006,1.0,,,,12876.42,REMOLCADOR,SERVICIOS DE MANTENIMIENTO,REMOLCADOR,SERVICIOS DE MANTENIMIENTO,PROV_054,NAVE_009
2023-07-04,PS00006,1.0,0.0,0.0,12800.16,12800.16,REMOLCADOR,SERVICIOS DE MANTENIMIENTO,REMOLCADOR,SERVICIOS DE MANTENIMIENTO,PROV_059,NAVE_006
2025-05-01,PS00006,1.0,,,,12660.0,BUQUE,SERVICIOS DE MANTENIMIENTO,BUQUE,SERVICIOS DE MANTENIMIENTO,PROV_016,NAVE_012
2023-07-03,PS00008,1.0,0.0,0.0,12600.0,12600.0,BUQUE,SERVICIOS DE MANTENIMIENTO,BUQUE,SERVICIOS DE MANTENIMIENTO,PROV_070,NAVE_008
2023-02-16,PS00006,1.0,0.0,0.0,12500.0,12500.0,REMOLCADOR,SERVICIOS DE MANTENIMIENTO,REMOLCADOR,SERVICIOS DE MANTENIMIENTO,PROV_059,NAVE_006
2025-07-01,PS00006,1.0,,,,12450.0,BUQUE,SERVICIOS DE MANTENIMIENTO,BUQUE,SERVICIOS DE MANTENIMIENTO,PROV_071,NAVE_008
2022-11-22,PS00006,1.0,0.0,0.0,12420.0,12420.0,BUQUE,SERVICIOS DE MANTENIMIENTO,BUQUE,SERVICIOS DE MANTENIMIENTO,PROV_061,NAVE_002
2021-02-22,P001930,6.0,0.0,0.0,2054.0525,12324.315,BUQUE,REPUESTOS MECANICOS,BUQUE,REPUESTOS MECANICOS,PROV_044,NAVE_002
2021-12-13,PS00006,1.0,14490.0,2173.5,12316.5,12316.5,BUQUE,SERVICIOS DE MANTENIMIENTO,BUQUE,SERVICIOS DE MANTENIMIENTO,PROV_023,NAVE_008
2023-09-13,PS00012,1.0,12260.49,12260.49,12260.49,12260.49,BUQUE,SERVICIOS DE MANTENIMIENTO,BUQUE,SERVICIOS DE MANTENIMIENTO,PROV_068,NAVE_002
